omm_id	fecha	tmax	tmin	tmed	td	pres_est	pres_nm	prcp	hr	helio	nub	vmax_d	vmax_f	vmed	estado	num_observaciones
87576	2020-01-01	28.2	18.3	21.8	17.6	1011.4	1013.8	0	78	8	5	14	9.8	4	V	3
87576	2020-01-02	27.3	16.9	22.5	17	1015.4	1017.7	0	73	11.2	4	9	10.3	5.1	V	3
87576	2020-01-03	30.4	17.7	23.6	16.2	1016.9	1019.3	0	67	12.6	2	7	10.3	4.5	V	3
87576	2020-01-04	29.9	18.2	25.1	15.2	1010.9	1013.3	0	56	9.8	3	2	9.8	5	V	3
87576	2020-01-05	30.9	17.9	25.9	16.5	1001.8	1004.2	6	59	6.5	4	27	17	3.1	V	3
87576	2020-01-06	27.9	15.9	20.7	13.9	1001.5	1003.9	0	69	6	6	23	17.5	4.6	V	3
87576	2020-01-07	30.9	12.7	22.7	10.8	1005.5	1007.9	0	52	7.8	1	32	11.3	3.9	V	3
87576	2020-01-08	33.4	20.4	27.5	12.5	1003.8	1006.1	0	41	11	2	2	12.9	4.4	R	3
87576	2020-01-09	30.4	21.9	25.5	15.3	1004.8	1007.1	0	54	5.2	5	18	13.4	2.4	V	3
87576	2020-01-10	31.9	16.8	24.2	15.9	1008	1010.3	0	63	6.1	4	20	8.2	2.6	V	3
87576	2020-01-11	32.8	14.7	25.2	15.1	1009.1	1011.5	0	58	11.3	1	32	9.8	2.6	V	3
87576	2020-01-12	32	16.9	24.4	13.4	1013.2	1015.5	0	52	6.4	4	11	12.3	4.5	V	3
87576	2020-01-13	31.9	16.6	24.5	13.3	1012.7	1015	0	54	9.6	4	7	13.4	5.8	V	3
87576	2020-01-14	31.6	19.9	26.3	20	1004.2	1006.5	105	69	5.2	4	5	15.9	4.6	R	3
87576	2020-01-15	28.7	19.9	23.9	19.6	1001.9	1004.3	0.2	79	5.9	5	20	21.1	2.8	V	3
87576	2020-01-16	25.2	9.1	18.7	8.3	1016.5	1018.9	0	53	10	0	34	7.7	2.1	V	4
87576	2020-01-17	27.4	11.9	21.3	11.5	1018.2	1020.5	0.1	55	8.6	1	9	8.7	3.1	V	4
87576	2020-01-18	30.9	19.7	25.6	13.9	1013.6	1015.9	0	49	10.9	3	2	7.7	3.3	V	4
87576	2020-01-19	35	20	27.9	19.2	1009.3	1011.6	0	61	9.8	2	5	9.8	3.6	V	3
87576	2020-01-20	34.8	23	28.7	21.7	1007.1	1009.4	0.2	67	6.2	5	7	8.7	2.8	V	3
87576	2020-01-21	30.4	21.5	25.1	22.5	1007.7	1010	2	85	1	7	14	7.7	1.9	V	3
87576	2020-01-22	31.3	21	25.7	20.7	1011.2	1013.5	0	76	10.2	4	14	8.7	4.6	V	3
87576	2020-01-23	32.3	20.6	26.2	18.2	1011.6	1013.9	0	65	12.1	1	5	10.3	3.6	V	3
87576	2020-01-24	33.1	20.3	26.7	18.1	1008	1010.3	0	63	11.3	3	2	11.3	3	V	3
87576	2020-01-25	35.5	21.9	28	19.5	1003.6	1005.9	0	63	11.7	2	5	9.3	4.1	V	3
87576	2020-01-26	32.6	18	26.2	16.8	1004.5	1006.8	0	59	12.1	3	18	14.9	3	V	3
87576	2020-01-27	27.8	10.9	19.5	9.9	1013.9	1016.3	0	57	11.9	1	18	11.8	4.4	V	3
87576	2020-01-28	31.3	15	23.9	13.4	1008.3	1010.6	0	55	11.4	1	36	11.3	4	V	3
87576	2020-01-29	27.3	16	21.8	16.7	1007.7	1010.1		74	1.5	7	16	10.3	3	R	3
87576	2020-01-30	26.2	7.9	"\N"	"\N"	"\N"	"\N"	0	"\N"	12	"\N"	18	9.3	"\N"	R	"\N"
87576	2020-01-31	29.5	10.9	23.9	9.4	1011.5	1013.9	0	43	11.6	0	5	8.2	2.6	R	"\N"
87576	2020-02-01	31.8	13.1	25.2	13.4	1009.7	1012	0	51	10.6	1	2	10.8	3.1	R	3
87576	2020-02-02	34.5	16.9	27.9	16.7	1010.2	1012.6	0	55	11	1	2	8.7	2.1	V	3
87576	2020-02-03	35.9	21.3	29.1	18	1010.8	1013.1	0	54	9.3	0	2	11.3	3.9	V	3
87576	2020-02-04	35.8	23.4	29.1	20	1008.2	1010.5	0	59	10.4	2	9	11.3	5.5	V	3
87576	2020-02-05	32.9	21	28.3	21.4	1006.8	1009.1	7	66	2.2	7	36	13.9	3.5	V	3
87576	2020-02-06	36.3	22.3	29.7	23	1007.9	1010.2	0	70	9.1	4	36	12.3	3.3	V	3
87576	2020-02-07	31.7	22.1	25	23.2	1010.8	1013.1	27	91	1.2	6	18	14.4	2.1	V	3
87576	2020-02-08	27.9	18.9	22.4	18.4	1013.3	1015.6	0	80	6.2	5	11	9.3	5	V	3
87576	2020-02-09	24.4	14.4	18.7	12	1018	1020.3	0	67	11.5	4	16	7.7	3.5	V	3
87576	2020-02-10	24.5	10.5	18.6	12	1019.6	1022	0	68	8.7	2	5	6.2	2.7	V	3
87576	2020-02-11	27.4	13.9	20.9	14	1018.3	1020.7	0	67	10.8	2	5	9.8	3.3	V	4
87576	2020-02-12	29.3	18.5	23.9	15.3	1013.8	1016.1	0	61	11.5	1	7	10.3	5.3	V	4
87576	2020-02-13	32.4	19.8	26.3	17.2	1008.5	1010.8	6	59	10.7	3	5	13.4	5.3	V	4
87576	2020-02-14	28.3	17.7	22.7	17.4	1007.1	1009.4	0	74	11.6	3	23	12.3	3.2	V	4
87576	2020-02-15	33.9	12.5	25	14.6	1005.6	1007.9	0	57	11.3	0	36	8.7	1.7	V	4
87576	2020-02-16	34.4	22	28.7	22	1003.7	1006	25	69	8.8	3	2	27.3	3.6	V	4
87576	2020-02-17	31.2	18.9	23.7	20.7	1000.8	1003.1	39	85	1.7	6	23	18.5	2.7	V	3
87576	2020-02-18	25	15.7	20.7	16.3	1006	1008.4	0	77	8.5	3	25	9.3	3.9	V	4
87576	2020-02-19	28.3	13.8	21.9	14.6	1007.8	1010.1	0	66	11.6	0	32	9.8	2.6	V	3
87576	2020-02-20	23.4	12	18.5	7.7	1015.5	1017.8	0	51	10.9	3	20	12.9	3.5	V	3
87576	2020-02-21	22.6	8.1	16	8.5	1020.7	1023.1	0	64	9.1	1	23	11.3	3.5	V	3
87576	2020-02-22	23.8	6.9	15.9	9.5	1021.5	1023.9	0	69	11.8	0	5	7.7	2.4	V	3
87576	2020-02-23	27.4	14.2	20.8	13.7	1014.9	1017.3	0	66	9	2	5	7.7	2.2	R	3
87576	2020-02-24	29.8	18.5	24.1	14.7	1005.4	1007.7	0	58	11	3	32	9.3	3.6	V	3
87576	2020-02-25	27.3	13.8	21.1	13	1007.4	1009.8	0	63	7.4	4	7	10.3	2.6	V	3
87576	2020-02-26	25.9	12.5	21	13.2	1011.7	1014.1	0	63	11.3	1	16	8.7	3.3	V	3
87576	2020-02-27	29.7	16	23.6	12.4	1011.2	1013.6	0	52	9.6	1	34	8.2	2.7	V	3
87576	2020-02-28	32	13.5	24.3	16.4	1012.7	1015	0	66	10.8	1	9	10.3	2.1	V	3
87576	2020-02-29	33.3	18.5	26.1	18.5	1015.8	1018.1	0	66	8.3	2	9	10.3	3.5	V	3
87576	2020-03-01	34	19.9	28.1	18.1	1016.3	1018.6	0	57	7.6	0	7	7.2	2.2	V	3
87576	2020-03-02	33.9	23	28.2	17.2	1016.2	1018.5	0	53	10.6	1	9	9.8	3.3	V	3
87576	2020-03-03	32.7	20.5	25.9	18	1013.8	1016.1	0	64	9.4	0	9	7.7	3.5	V	3
87576	2020-03-04	32.7	18.5	26	17.8	1013.9	1016.2	0	64	5.3	1	11	10.8	3.1	V	3
87576	2020-03-05	31.7	18.3	25.1	16.6	1015.3	1017.6	0	63	6.7	2	9	7.7	3.7	V	3
87576	2020-03-06	30.5	18.8	24.8	17.2	1013	1015.3	0	66	4.5	3	5	8.2	4.1	V	3
87576	2020-03-07	32.5	18.8	26.1	17.9	1007.8	1010.1	0	65	5.8	2	36	9.8	4.2	V	3
87576	2020-03-08	32	22.2	26.3	17.9	1007.5	1009.9	1	62	0.9	5	36	6.7	2.6	V	3
87576	2020-03-09	29	16.9	23.3	17.3	1013.8	1016.1	0	71	3.3	6	9	10.3	3.7	V	3
87576	2020-03-10	27.3	15	21	16	1015.6	1018	3	75	1.8	4	9	10.3	4.5	V	3
87576	2020-03-11	22.3	18.9	21	19.7	1010.1	1012.4	65	93	0	7	9	10.3	5.1	V	3
87576	2020-03-12	31.1	17.5	23.2	19.4	1009.4	1011.8	0	82	3.4	5	5	5.7	1.5	V	3
87576	2020-03-13	32.7	17	25.7	20.9	1009.7	1012.1	12	76	5.5	1	5	8.7	3.7	V	3
87576	2020-03-14	28	18.1	22.1	20	1011.6	1013.9	22	89	0	6	14	13.4	2.4	V	3
87576	2020-03-15	23.9	14.8	19.1	14.9	1016.1	1018.5	0	78	0.9	5	14	6.7	2.8	V	3
87576	2020-03-16	24	12	18.7	13.9	1014.6	1017	0	76	3.5	1	5	8.7	2.6	V	3
87576	2020-03-17	22.9	13.9	18.7	17.4	1011.7	1014.1	4	92	0	6	18	13.4	2.8	V	3
87576	2020-03-18	24.5	17.3	19.9	18.2	1009.4	1011.8	0	90	1.5	5	14	7.7	3	V	3
87576	2020-03-19	24.7	14.6	18.7	15.2	1009.1	1011.5	0	82	4	3	23	8.2	3.5	V	4
87576	2020-03-20	29.1	13.2	20.7	15	1009.4	1011.8	0	73	5.4	0	29	6.2	1.5	V	4
87576	2020-03-21	29.5	14.5	23.8	13.3	1009.6	1011.9	0	55	3	0	32	6.2	1.8	V	4
87576	2020-03-22	29.8	12.1	22.3	14.9	1013.8	1016.1	0	66	4.3	2	2	8.2	2.6	V	3
87576	2020-03-23	30.9	17	23.5	14.2	1014.6	1016.9	0	61	4.7	0	36	10.8	3.7	V	3
87576	2020-03-24	32.2	16.6	25.1	19.1	1011.4	1013.7	0	71	4.5	1	7	8.2	3.3	V	3
87576	2020-03-25	27.5	18.9	23.2	18.8	1012.7	1015	0	77	0	8	14	14.9	4.1	V	3
87576	2020-03-26	28.5	18.5	22.8	19.3	1014	1016.3	0	82	0.2	5	9	7.7	3	V	3
87576	2020-03-27	30.3	19.6	24.7	18.5	1011	1013.3	0	70	2.3	3	7	7.2	3.3	V	3
87576	2020-03-28	29.3	18.7	24.5	20.6	1010	1012.3	0	80	1	4	7	5.7	2.3	V	3
87576	2020-03-29	29.4	18.8	23.7	19.4	1012.6	1014.9	0	78	0	2	23	4.6	1.2	V	3
87576	2020-03-30	28.7	19.1	23	20.2	1014.7	1017	3	85	0.3	6	9	7.2	3.3	V	3
87576	2020-03-31	23.4	18	21	18.1	1015.5	1017.9	0	84	0	8	14	12.9	4.6	V	3
87576	2020-04-01	25	19	21.7	18.4	1010.7	1013.1	18	82	0.2	6	5	10.8	3.7	V	3
87576	2020-04-02	22.7	12.3	16.5	10.9	1016.2	1018.6	0	72	4	2	20	12.3	4.5	V	3
87576	2020-04-03	22.8	7.9	16.1	11.4	1015.4	1017.8	0	75	7.4	1	5	5.1	1.5	V	3
87576	2020-04-04	25.6	9.9	18.9	11.2	1009.4	1011.8	0	65	9.8	0	34	8.2	3.1	V	3
87576	2020-04-05	25.6	11.5	20.2	13.2	1008	1010.4	0.6	65	0.2	5	34	7.7	2.2	V	3
87576	2020-04-06	21.8	10.5	15.7	8.5	1016.1	1018.4	0	67	6.7	0	23	14.4	3	V	3
87576	2020-04-07	18.8	4.9	11.7	6.7	1022.9	1025.4	0	74	7.4	1	18	7.2	2.4	V	3
87576	2020-04-08	18.8	4.2	12.1	7.1	1023.5	1025.9	0	75	9	0	16	5.7	1.4	V	3
87576	2020-04-09	21.1	4.7	13.6	9.7	1021.9	1024.3	0	79	5.2	2	14	6.7	2.2	V	3
87576	2020-04-10	22.3	6.7	15.2	11.1	1019.8	1022.1	0	79	7.1	1	7	8.2	2.7	V	3
87576	2020-04-11	23.1	10.6	16.7	12.5	1016.6	1019	0	80	7.5	2	36	6.7	2.1	V	3
87576	2020-04-12	25.3	11.5	19.2	13.4	1014.1	1016.5	0	73	3	5	2	7.7	2.8	V	3
87576	2020-04-13	19	10.1	15.9	13.8	1010	1012.4	15	88	0	7	18	14.4	3.2	V	3
87576	2020-04-14	19.9	7.5	13.3	7.7	1011.3	1013.6	0	71	9.8	1	23	10.8	3.9	V	3
87576	2020-04-15	20.4	7.3	13.2	7.2	1015.2	1017.6	0	70	9.8	0	25	8.2	2.7	V	3
87576	2020-04-16	22.3	2.3	12.6	7.2	1021.7	1024.1	0	74	8.8	1	20	4.6	0.9	V	4
87576	2020-04-17	23.8	5.9	15.3	10.2	1023.1	1025.5	0	77	8.8	0	5	6.7	1.8	V	4
87576	2020-04-18	25.3	9	18.4	13.5	1020	1022.4	0	76	9.6	0	5	8.2	3.2	V	4
87576	2020-04-19	27.1	16	21.2	13.8	1015.7	1018.1	0	65	10	1	2	8.2	3.2	V	3
87576	2020-04-20	28.9	12	21	15	1013.6	1015.9	0	72	7.8	1	36	8.7	1.5	V	3
87576	2020-04-21	24.2	13.3	17.2	12.3	1017.2	1019.6	0	74	8.4	2	14	7.7	4.1	R	3
87576	2020-04-22	21.3	12.3	16	12.5	1016.3	1018.7	0	81	0	7	7	7.2	3.2	R	3
87576	2020-04-23	25.7	14.7	19.4	16.5	1011.8	1014.3	0	85	0	6	5	7.7	3.1	R	3
87576	2020-04-24	23.2	18.3	20.6	17.3	1006.1	1008.4	13	82	0	7	5	10.3	5.4	R	3
87576	2020-04-25	20.8	14.5	17.5	16.3	1013.5	1015.9	14	93	0	8	14	13.4	3.9	R	3
87576	2020-04-26	22.4	13	17.4	14.5	1023.2	1025.6	0	84	4.9	3	9	13.4	5.4	V	3
87576	2020-04-27	21.3	16.4	18.7	15.8	1017.7	1020	22	84	0	6	7	11.8	6.2	V	3
87576	2020-04-28	21.6	14	18.8	17.5	1008.3	1010.7	38	92	0	6	32	23.2	5.9	V	3
87576	2020-04-29	21.5	10.5	15.3	10.4	1014.1	1016.5	0	75	9.2	0	27	12.3	3.6	V	3
87576	2020-04-30	20.8	8	14.2	10.2	1017.5	1019.9	0	79	9	1	20	5.1	1.4	V	3
87576	2020-05-01	20.9	8.7	15.1	10.9	1019.2	1021.5	0	78	8.5	4	23	8.7	2.6	V	3
87576	2020-05-02	20.8	6.8	13.7	11	1021	1023.4	0	86	7.9	3	5	6.7	2.6	V	3
87576	2020-05-03	20.9	10	16.5	12.5	1016.1	1018.5	0.3	79	6.9	4	5	11.3	3.2	V	3
87576	2020-05-04	20	11.4	14.3	13.2	1009.5	1012	2	94	0	5	32	6.7	1.2	V	3
87576	2020-05-05	16.8	9.1	12.7	8.4	1011.5	1013.9	0	77	0	4	27	15.4	4.5	V	3
87576	2020-05-06	16.2	6.3	10.7	8.3	1022.1	1024.5	0	86	1.2	3	23	7.7	3.3	V	3
87576	2020-05-07	18.6	6	12.5	7.7	1021.9	1024.3	0	75	7	4	32	8.7	2.3	V	3
87576	2020-05-08	19.6	6.3	13.7	7.1	1017.5	1019.9	0	67	4	3	34	10.3	3.7	V	3
87576	2020-05-09	22	10	16.5	7.3	1010.7	1013.1	0	57	8.6	2	36	9.3	4.5	V	3
87576	2020-05-10	26	14.1	19.7	11	1005.1	1007.5	0	59	7.5	2	34	6.2	3.6	R	3
87576	2020-05-11	20.5	8.9	15	6.4	1012.6	1015	0	58	4.5	4	20	8.7	2.1	V	3
87576	2020-05-12	19.3	3.2	10.3	6	1015.4	1017.8	0	78	8.3	1	9	4.6	1.2	V	3
87576	2020-05-13	19.4	6	11.3	6.8	1017.1	1019.5	0	78	8	2	23	7.2	2.2	V	3
87576	2020-05-14	16.2	-0.7	8.5	3.5	1021	1023.4	0	76	7.6	0	27	6.2	1.3	R	4
87576	2020-05-15	22.2	8.4	15.1	6.9	1012.9	1015.3	0	60	0	4	32	12.9	5.3	V	4
87576	2020-05-16	28.4	13.1	20.5	8.7	1008.4	1010.8	0	49	8.6	2	32	9.3	5.1	R	4
87576	2020-05-17	25	13.5	19.1	11.8	1012.1	1014.5	0	64	8.4	0	34	7.2	3.2	V	3
87576	2020-05-18	23.8	13.5	17.8	12.1	1015.6	1018	0	71	8.6	0	5	10.3	3.7	V	3
87576	2020-05-19	26.2	15	20	13.3	1011.3	1013.7	0	67	8.3	1	36	7.7	3.6	R	3
87576	2020-05-20	25	13.9	20.1	15.4	1008.3	1010.6	5	76	1.5	6	32	6.7	2.4	V	3
87576	2020-05-21	19.2	11.2	13.7	12.6	1011.8	1014.2	0	93	0	8	18	11.3	4.6	V	3
87576	2020-05-22	15.3	10	12.4	9.8	1020	1022.4	0	85	0	7	18	13.4	5.7	V	3
87576	2020-05-23	16.9	6.2	10.5	6.6	1020.5	1022.9	0	80	5.6	3	18	7.7	2.3	V	3
87576	2020-05-24	17.6	5.1	12.2	3.8	1010.7	1013.1	0	61	2.2	5	32	10.8	5.5	V	3
87576	2020-05-25	17.4	9.5	14	8.1	1010.6	1013	0	69	1.1	3	20	12.9	5.7	V	3
87576	2020-05-26	17.5	5.6	11.8	9	1015.2	1017.7	0	85	6.5	2	27	5.1	1.8	V	3
87576	2020-05-27	22.4	8.1	15.6	9.3	1012.9	1015.4	0	69	8.5	0	2	11.3	2.6	V	3
87576	2020-05-28	22.8	8.4	15.4	10.7	1013	1015.5	0	76	7.2	0	5	5.1	1.4	V	3
87576	2020-05-29	21.8	7	13.7	10.8	1012.1	1014.6	0	85	2	5	9	5.7	2.4	V	3
87576	2020-05-30	14.6	7.4	11.6	9.8	1011.5	1013.9	0	89	0	5	27	11.3	3.9	V	3
87576	2020-05-31	13.7	5	9.4	4.6	1016.2	1018.7	0	73	6.3	4	25	13.4	5.9	V	3
87576	2020-06-01	13	2.3	7.3	4.3	1020.4	1022.9	0	84	4.9	2	23	6.2	2.1	V	3
87576	2020-06-02	16.3	-0.4	7	3.1	1018.4	1020.9	0	79	6.5	1	5	7.2	1.4	V	3
87576	2020-06-03	17.3	3.2	10.3	5.7	1021.4	1023.8	0	76	3.5	4	32	3.6	1.8	V	3
87576	2020-06-04	17.6	3.5	10.7	8.6	1023.2	1025.6	0	89	4.7	4	9	6.7	1.3	V	3
87576	2020-06-05	15.4	2.4	10.4	9.8	1017.4	1019.8	0	97	0	5	14	8.2	3.1	R	3
87576	2020-06-06	17.5	13	15.5	14.8	1012.2	1014.6	0.8	96	0	8	11	8.7	3.1	R	3
87576	2020-06-07	16.4	12.5	14.8	14.3	1013.6	1016	1	97	0	8	16	2.6	1.4	R	3
87576	2020-06-08	17	11	14.1	13	1013.4	1015.8	0	93	0	7	32	4.6	1.7	R	3
87576	2020-06-09	16.4	4.9	10.1	9.4	1012.2	1014.6	0	96	3.8	5	18	3.1	1.4	R	3
87576	2020-06-10	20.3	3.6	11.9	9.6	1009.4	1011.9	0	88	6.5	0	32	6.7	1.4	V	3
87576	2020-06-11	19	3.8	11.4	7.7	1007.7	1010.1	0	81	5.9	2	7	8.7	2.4	V	3
87576	2020-06-12	19.3	8.8	13.5	10	1004.9	1007.3	0	81	1.5	5	2	9.3	2.4	V	3
87576	2020-06-13	12.8	3.4	7.6	-3.4	1020.2	1022.7	0	48	7.2	1	5	6.7	5	V	3
87576	2020-06-14	14.2	-2.8	5.2	-1.8	1025.2	1027.7	0	66	6.2	0	5	6.7	1.7	V	3
87576	2020-06-15	15.9	3.8	11.3	4.9	1019.2	1021.7	0.2	67	3.8	4	7	11.3	4	R	3
87576	2020-06-16	24.4	13.1	18.7	15	1012.2	1014.6	0	80	0	7	2	8.2	4.5	V	3
87576	2020-06-17	27	17.8	22.7	16.6	1003.6	1005.9	24.5	70	0.3	7	2	13.9	5.8	R	3
87576	2020-06-18	24.6	10.8	15	12.3	1003.9	1006.4	0	85	0	7	23	13.9	3.7	R	4
87576	2020-06-19	15.3	6	11.2	9.9	1008.3	1010.8	0	92	0	5	34	6.2	1.4	V	4
87576	2020-06-20	20.1	7	12.4	7.9	1010	1012.4	13	80	1.3	7	9	12.9	3.6	R	4
87576	2020-06-21	18	9.2	12.7	9.2	1011.3	1013.7	0	81	3.3	5	7	8.7	3.3	V	3
87576	2020-06-22	16.8	3.8	10.6	8.2	1012.5	1014.9	1	86	3	6	5	10.8	3.2	V	3
87576	2020-06-23	14.9	10.4	12.4	11.7	1003.6	1006	0	96	0	7	20	5.1	1.9	V	3
87576	2020-06-24	14.8	7.6	11.4	9.1	1004.4	1006.8	0.2	86	1	6	14	9.3	3.5	V	3
87576	2020-06-25	13	3.2	7.8	2.6	1014.4	1016.9	0	72	6.8	1	25	12.3	3.6	V	3
87576	2020-06-26	14.6	1	6.6	0.4	1019.5	1021.9	0	68	6.4	4	29	7.7	2.8	V	3
87576	2020-06-27	15.9	1.3	8.2	1.8	1020.8	1023.3	0	70	3.5	4	32	8.7	1.9	V	3
87576	2020-06-28	14.6	-1.3	7.3	4.6	1021	1023.5	0	85	1.8	3	9	6.7	1.5	V	3
87576	2020-06-29	15.3	4.3	9.7	6.1	1015	1017.4	14	82	2.4	5	7	11.3	4.4	V	3
87576	2020-06-30	12.8	8.2	10.5	9.9	1006.8	1009.3	14	96	0	8	14	17	4.5	V	3
87576	2020-07-01	10.1	3.2	6.5	3.8	1016.1	1018.6	0	83	1.3	4	20	9.8	3.2	V	3
87576	2020-07-02	11.1	3.4	7.1	4.5	1017.8	1020.3	0	85	0	4	32	7.2	3.1	V	3
87576	2020-07-03	15.4	5.5	10.4	4.7	1012.3	1014.8	0	70	2.2	5	36	14.4	4.5	V	3
87576	2020-07-04	15.5	6.4	11.3	5.8	1008.4	1010.8	0.3	71	2.3	8	36	13.4	2.6	R	3
87576	2020-07-05	12.2	4	8.4	6.8	1014.3	1016.7	0	90	5.2	4	20	6.7	2.2	V	3
87576	2020-07-06	11.8	-1	4.8	2.5	1021.8	1024.3	0	87	2.8	3	20	5.1	1.4	V	3
87576	2020-07-07	10.7	-0.1	4.8	2.4	1021.9	1024.4	0	86	0	6	14	8.2	2.6	V	3
87576	2020-07-08	13	0.5	6.1	2.7	1018	1020.5	0	81	3.7	5	25	6.2	0.6	V	3
87576	2020-07-09	14.5	2.4	8.8	1.6	1015.7	1018.2	0	65	3.3	2	29	7.7	3.5	V	3
87576	2020-07-10	13.6	7	10.6	5.9	1008.2	1010.7	0	74	0	6	34	10.3	5.4	V	3
87576	2020-07-11	14.5	0.5	8.1	-0.9	1011.3	1013.8	0	59	5.2	4	34	7.2	2.6	V	3
87576	2020-07-12	12.4	2.9	8.5	-0.3	1010.9	1013.3	0	55	0.5	5	23	9.3	3.7	R	3
87576	2020-07-13	13.6	1.4	7.3	-2.4	1017.8	1020.3	0	52	5.5	4	25	11.8	4.2	V	3
87576	2020-07-14	12.2	-1.5	3.9	-4.2	1021.8	1024.3	0	59	8.1	0	27	7.2	2.6	V	3
87576	2020-07-15	15.3	0.5	7.2	-2.2	1021.7	1024.1	0	57	6.8	2	5	6.2	1.9	V	3
87576	2020-07-16	14.9	4.9	10.1	4.3	1018.4	1020.9	2	68	0.7	4	36	7.7	1.8	V	4
87576	2020-07-17	16.3	3.5	11	7.9	1013.6	1016	0	83	5.8	2	2	10.3	3.5	V	4
87576	2020-07-18	15.1	11	13.8	13.3	1007.3	1009.7	0	97	0	8	5	5.7	1.8	V	4
87576	2020-07-19	24.7	12.7	17.4	15.1	1006	1008.5	0	88	2	7	5	6.7	2.3	V	3
87576	2020-07-20	21.3	11.4	14.9	14.1	1007.6	1010	0	95	0.2	6	27	5.7	2.2	V	3
87576	2020-07-21	14.7	11.8	13.5	13.2	1008.4	1010.8	2	98	0	8	18	6.2	2.2	V	3
87576	2020-07-22	14.6	11.9	13.6	13.3	1008.9	1011.3	2	99	0	8	14	5.1	1.8	V	3
87576	2020-07-23	14.1	8.9	11.9	11.2	1009	1011.4	2	96	0	8	27	9.3	3.3	V	3
87576	2020-07-24	10.7	3.7	7.6	3.4	1012.5	1015	0	77	4.1	6	27	11.8	5.7	V	3
87576	2020-07-25	13.9	-0.9	6.9	0.1	1016.5	1019	0	65	6.3	1	29	9.8	3.9	V	3
87576	2020-07-26	19.1	5.1	11.8	1.5	1014	1016.5	0	51	7.6	4	34	10.3	4	V	3
87576	2020-07-27	13.9	4	8.6	2.1	1014.2	1016.7	0	65	0	6	25	9.8	3.5	V	3
87576	2020-07-28	12.5	-1.5	4.6	-2.3	1022.4	1024.9	0	65	9.2	0	25	10.3	2.4	V	3
87576	2020-07-29	15.2	-4.2	5.7	-0.4	1025.5	1027.9	0	70	7.7	0	29	6.2	1.3	V	3
87576	2020-07-30	15.2	0.6	8.2	2	1023.2	1025.6	0	68	8.6	0	5	9.3	3.3	V	3
87576	2020-07-31	17.3	5	10.6	4.9	1021	1023.4	0	69	1.4	4	5	5.7	2.3	V	3
87576	2020-08-01	19.8	3.7	13	10.2	1017.3	1019.8	0	85	2	6	5	8.7	4.5	V	3
87576	2020-08-02	21.9	14.5	18.1	15.1	1017.6	1020	0	83	0	7	18	7.2	3.2	V	3
87576	2020-08-03	23.3	10.3	16.4	13	1019.5	1021.9	0	81	4.9	4	5	7.7	3.7	V	3
87576	2020-08-04	26	13.4	20	12.9	1017.1	1019.5	0	66	7.5	3	36	7.7	3.3	V	3
87576	2020-08-05	27.6	16.7	22.1	13.6	1011.7	1014.1	0	59	0	6	18	11.8	4.5	R	3
87576	2020-08-06	21.8	9.9	13.7	7.3	1022.3	1024.6	1	66	0.1	7	16	6.2	4.4	V	3
87576	2020-08-07	12.5	8.4	10.6	9.2	1023	1025.5	0	92	0	8	14	8.7	3	R	3
87576	2020-08-08	19.8	10.5	14.7	13.1	1018.4	1020.8	0	90	0.8	7	5	7.2	2.3	V	3
87576	2020-08-09	16	10.7	13.8	13.1	1011.5	1013.9	0	96	0	8	7	7.2	3.1	V	3
87576	2020-08-10	17.3	9.7	13.7	5.4	1007.8	1010.2	0	64	6.9	2	23	12.9	4.5	R	3
87576	2020-08-11	14.2	-1	6.8	-4	1017.3	1019.8	0	49	7.1	0	23	8.7	2.4	V	3
87576	2020-08-12	16	0.1	7.3	-3.9	1014.4	1016.9	0	50	7.2	1	32	8.7	2.1	V	3
87576	2020-08-13	19.1	3.5	10.8	-1.4	1010.3	1012.7	0	45	5.3	2	36	8.2	2.2	R	4
87576	2020-08-14	20.8	4.7	13.1	5.3	1007.2	1009.6	0	61	5	2	5	6.2	2.2	V	4
87576	2020-08-15	16.8	0.8	9	0.4	1009.9	1012.3	0	60	6.9	1	25	13.4	4.4	V	4
87576	2020-08-16	19.3	2.3	10.9	-5	1010	1012.4	0	36	7.1	0	32	13.9	5.1	R	3
87576	2020-08-17	20.2	-1	10.7	2.4	1010.9	1013.3	0	60	7	0	29	7.7	2.3	V	3
87576	2020-08-18	21.3	5.5	12.5	1	1007.1	1009.6	0	48	6.6	1	32	9.8	3.5	V	3
87576	2020-08-19	12.3	0.5	6.3	-0.1	1021.4	1023.8	0.2	65	5.5	3	23	9.3	3.2	V	3
87576	2020-08-20	13	-2.1	5.6	-2.2	1029.4	1031.9	0	62	9.5	1	27	9.3	2.7	V	3
87576	2020-08-21	18.4	3.7	10.8	-5.9	1026	1028.5	0	32	8.8	0	29	7.7	3.5	R	3
87576	2020-08-22	18	5.1	12	-1.7	1022.9	1025.3	0	41	6	1	5	9.3	3.3	R	3
87576	2020-08-23	20.6	8.4	14.7	5.8	1016.5	1018.9	0	57	8.8	0	5	12.3	3.9	V	3
87576	2020-08-24	24.6	11	18.2	9.9	1011.3	1013.7	0	60	7.3	1	5	10.3	5.1	V	3
87576	2020-08-25	21.9	15.5	17.4	13.3	1007.1	1009.5	17	78	0	8	5	7.2	4.2	V	3
87576	2020-08-26	20.9	14.6	17.4	15.6	1005.9	1008.3	2	90	0	7	29	18.5	3.3	V	3
87576	2020-08-27	19.8	6.5	13.1	7.4	1014.5	1016.8	0	71	9.3	3	23	9.8	3.1	V	3
87576	2020-08-28	19.5	7.1	13.6	11.9	1012	1014.4	0	90	0.1	6	7	6.7	2.1	V	3
87576	2020-08-29	16.3	9.7	12.6	10.5	1013.2	1015.6	1	88	0	5	16	9.8	3	V	3
87576	2020-08-30	13.5	-2	6.9	0.2	1022.8	1025.3	0	66	7.6	3	25	8.7	1.7	V	3
87576	2020-08-31	14.3	2.9	8.2	2.5	1028.1	1030.6	0	69	0	6	14	7.2	2.6	R	3
87576	2020-09-01	9.7	4	7.6	4.2	1030.8	1033.3	7	79	0	7	29	9.8	5.5	R	3
87576	2020-09-02	12	7.8	9.9	9.3	1015.9	1018.3	22	96	0	8	14	14.4	5.4	R	3
87576	2020-09-03	12.9	6.1	9.8	6.9	1013.1	1015.6	0	83	0	7	20	6.2	2.3	R	3
87576	2020-09-04	17.8	7.8	12.4	8.3	1016.3	1018.7	0	78	2.5	5	29	9.3	3.5	V	3
87576	2020-09-05	18.3	3	11	7.5	1020.6	1023	0	82	7.3	3	11	12.3	4.2	V	3
87576	2020-09-06	16.8	3.7	9.4	6.2	1024.3	1026.8	0	82	6.9	2	11	8.7	3.9	V	3
87576	2020-09-07	19.1	2.4	10.5	5.9	1022.8	1025.2	0	78	6	1	5	6.2	2.2	V	3
87576	2020-09-08	21.3	8.7	15	9.5	1017.1	1019.5	0	72	6	4	5	10.8	5.1	V	3
87576	2020-09-09	20.8	11.9	16	13.5	1014.9	1017.2	0	86	0	5	7	7.7	2.4	V	3
87576	2020-09-10	21.3	6.7	14.4	11.1	1013	1015.4	0	83	5.2	1	7	11.3	3.2	V	3
87576	2020-09-11	20.1	9.5	15.3	8.2	1011.4	1013.8	0	66	2.9	3	20	9.8	3.9	V	3
87576	2020-09-12	18.3	0	11.3	4.4	1014.7	1017.1	0	66	6.6	2	5	8.7	2.4	V	3
87576	2020-09-13	22.8	5	14.4	7	1014.3	1016.7	0	64	3.6	2	20	10.8	3	V	3
87576	2020-09-14	18.3	2.5	11.7	1.5	1024.8	1027.3	0	53	9.9	0	23	7.7	1.8	V	3
87576	2020-09-15	16.8	5.8	11.8	4.5	1019.2	1021.6	0	62	2	3	2	7.7	2.8	V	3
87576	2020-09-16	20.5	3.4	12.6	7.7	1014.4	1016.8	0	76	4.7	3	11	5.7	1.7	V	3
87576	2020-09-17	27.3	7.3	17.6	5.5	1008.8	1011.2	0	51	2.1	3	32	10.8	3.7	V	4
87576	2020-09-18	22.5	10.5	16.2	5.1	1009	1011.4	0	49	3	2	18	8.2	3	V	4
87576	2020-09-19	15.6	4.5	10.4	-0.3	1020.1	1022.6	0	50	1.6	0	16	11.3	3.6	R	4
87576	2020-09-20	20.8	2.4	11.8	-1.6	1020.7	1023.1	0	42	3.8	0	27	12.9	4	R	3
87576	2020-09-21	18.3	-0.9	10.1	2.8	1022.8	1025.3	0	63	4.4	1	23	8.7	2.4	R	3
87576	2020-09-22	21.5	8.7	14.6	4.4	1019.6	1022	0	55	2	4	5	8.2	3.9	R	3
87576	2020-09-23	25.2	11	17.7	7.4	1018.1	1020.5	0	53	2.2	3	5	6.7	2.2	R	3
87576	2020-09-24	23.3	5.9	16.6	9.6	1016.8	1019.2	4	68	0	5	11	9.8	4.5	R	3
87576	2020-09-25	18.5	12.5	15.6	12.5	1013.8	1016.1	35	83	0	8	14	9.3	3.5	R	3
87576	2020-09-26	22.3	12.9	16.3	15.3	1006	1008.4	8	94	0	8	5	11.3	3.5	R	3
87576	2020-09-27	16.5	12.2	14.7	13.1	1003.6	1006.1	0.2	91	0	7	23	13.4	4.2	R	3
87576	2020-09-28	22.4	4	14.3	6.5	1009.8	1012.2	0	63	6	0	25	9.3	3.1	V	3
87576	2020-09-29	24.3	11	19.2	6.7	1007.9	1010.4	0	46	3.4	1	36	9.3	4.1	V	3
87576	2020-09-30	29.7	13.5	21.4	11.5	1003.9	1006.2	0	56	1	0	18	9.8	3.1	V	3
87576	2020-10-01	20.8	9.5	15	6.8	1007.6	1010	0	59	0	4	14	14.9	3.1	V	3
87576	2020-10-02	15.9	6	11	4.5	1019.9	1022.3	0	65	6.7	2	14	14.9	6.4	V	3
87576	2020-10-03	13.9	4.8	8	2	1028.7	1031.1	0	67	1.5	4	11	11.8	4.5	V	3
87576	2020-10-04	16.2	3.9	11.3	7.7	1020.6	1023.1	0.3	80	0.4	7	9	12.9	3.7	V	3
87576	2020-10-05	18.5	10.1	13	9.2	1013.8	1016.2	0	80	3.2	5	20	10.3	2.2	V	3
87576	2020-10-06	21.4	5	13.9	8.9	1013.3	1015.8	0	75	4.6	2	7	6.2	1.9	V	3
87576	2020-10-07	25.1	7.9	17.2	10	1012.4	1014.8	0	66	9	1	20	10.8	3	R	3
87576	2020-10-08	22.9	5.5	16.2	7	1014.2	1016.6	0	58	9	1	27	8.7	2.7	R	3
87576	2020-10-09	22.1	7.5	16.3	5.1	1012.5	1014.9	0	50	4.4	1	23	11.8	3.1	R	3
87576	2020-10-10	22.8	4.6	15.4	6	1012.7	1015.1	0	59	8.8	1	5	10.8	3.3	R	3
87576	2020-10-11	19.2	12	15.8	9.4	1010.7	1013	0	66	1.7	4	29	13.4	5.5	V	3
87576	2020-10-12	22.3	10.1	14.8	9.3	1014.7	1017.1	0	72	4	4	16	10.8	2.8	V	3
87576	2020-10-13	25.5	8.2	17.8	11.6	1013.5	1015.8	0	71	9.2	1	9	9.3	1.9	V	3
87576	2020-10-14	27.9	9.9	19.7	10.3	1013.9	1016.3	0	58	10.3	2	18	11.3	2.8	V	3
87576	2020-10-15	23.8	10.9	16.5	12.6	1020.2	1022.6	0	80	2.3	7	16	6.7	3.1	V	4
87576	2020-10-16	25.8	10.5	19.3	13.6	1017.4	1019.7	0	73	6.7	2	7	11.3	4.1	V	4
87576	2020-10-17	25.3	17.8	21.1	16.5	1011.2	1013.6	5	76	3.7	3	5	9.3	4.8	V	4
87576	2020-10-18	33.4	20	26.2	19.9	1005.4	1007.8	0	70	6.2	1	5	11.8	3.7	V	3
87576	2020-10-19	29.8	15.8	22.5	18.8	1007.9	1010.2	63.6	81	0.3	5	14	15.4	4	V	3
87576	2020-10-20	18.9	9.3	12.8	8	1021.3	1023.8	0	76	4	6	11	17	5.8	V	3
87576	2020-10-21	18.3	5.5	13.5	8.8	1023.2	1025.6	18	75	1.3	6	9	15.4	5.9	R	3
87576	2020-10-22	16.8	12	14.8	13.8	1018.1	1020.4	6	94	0	8	7	13.9	4.9	V	3
87576	2020-10-23	23.2	14	18.6	17.3	1012.9	1015.3	0	93	0	8	11	4.6	1.8	V	3
87576	2020-10-24	26	16.1	20.1	17.7	1010.9	1013.2	0	87	1.1	8	9	6.2	3	R	3
87576	2020-10-25	25.8	17.5	19.9	18.2	1005.6	1008	11	90	0	7	9	6.7	3.2	R	3
87576	2020-10-26	22	12.9	17.5	10.3	1010.7	1013.2	0	67	10.1	2	12	10.8	3.7	R	3
87576	2020-10-27	24.1	5.5	16.3	9.4	1007.1	1009.5	0	67	11.4	0	7	5.1	1.7	R	3
87576	2020-10-28	21	8.4	13.5	9.9	1008.8	1011.2	0	81	0	5	23	10.3	2.7	R	3
87576	2020-10-29	17.7	7	12.5	7	1018.8	1021.2	0	72	7.8	3	20	8.7	3.3	R	3
87576	2020-10-30	20.8	3.1	13.1	6.4	1024.8	1027.2	0	69	11.6	2	14	7.7	2.2	R	3
87576	2020-10-31	23	4.5	15.3	7.1	1023.3	1025.6	0	63	11.8	0	11	6.7	2.2	R	3
87576	2020-11-01	25.7	8.5	18.7	7.7	1020	1022.4	0	54	12.9	0	2	9.3	2.7	R	3
87576	2020-11-02	25.3	9.5	18.2	8.2	1016.9	1019.3	0	56	12.5	1	5	8.2	3.2	R	3
87576	2020-11-03	24	11.3	18.3	13	1017.6	1019.9	0	73	10	2	7	12.3	4.2	R	3
87576	2020-11-04	24.6	15.4	19.3	9.9	1019.6	1022	0	57	7.3	2	5	12.9	6.7	R	3
87576	2020-11-05	25	14.7	19.9	8.4	1017.1	1019.5	0	49	11.1	0	5	13.9	5.7	R	3
87576	2020-11-06	25.8	15.8	21.1	13.1	1016.3	1018.7	0	62	7	2	9	8.7	4.5	R	3
87576	2020-11-07	27.5	14.7	21.3	15.3	1017.8	1020.1	0	70	10.1	3	11	7.7	2.7	R	3
87576	2020-11-08	26.7	13	20.6	12.3	1017.6	1020	0	64	9.2	2	9	10.3	3.6	R	3
87576	2020-11-09	22.7	17.5	20	14.7	1016.1	1018.4	0	72	0	7	9	11.3	5.7	R	3
87576	2020-11-10	24.9	12.5	19.8	13.2	1014.8	1017.2	0	69	8.5	3	7	8.7	4.2	R	3
87576	2020-11-11	26.6	16	21.2	14.4	1014.7	1017	0	66	12.1	2	7	10.3	5.1	R	3
87576	2020-11-12	26.3	15.4	21.3	15.2	1013.3	1015.7	0	69	8.7	3	5	6.2	4.8	R	3
87576	2020-11-13	27.8	17	21.9	16.5	1010.6	1012.9	0	73	8.6	3	5	7.7	3	R	3
87576	2020-11-14	23.9	19	21.4	17.8	1008.1	1010.5	0	80	0.8	7	23	11.3	2.3	R	3
87576	2020-11-15	25.3	13.5	19	11.7	1011.5	1014	0	66	12.5	3	20	10.3	3.1	R	3
87576	2020-11-16	26.6	9.7	18.8	10.7	1012.1	1014.5	0	64	12.4	0	18	6.2	2.3	R	3
87576	2020-11-17	29.3	14.9	22.8	11.2	1010.4	1012.7	0	49	5.7	4	36	8.7	3.7	R	3
87576	2020-11-18	27.6	13.7	19.8	14.2	1011	1013.3	0	73	6.4	4	14	11.3	3.7	R	3
87576	2020-11-19	25.2	9.6	18.7	10.8	1016.6	1019	0	63	10	1	14	7.7	3	R	4
87576	2020-11-20	26.8	9.8	19.7	12.5	1015.4	1017.8	0	67	9.2	1	5	7.7	4.5	R	4
87576	2020-11-21	28.8	17.7	22.5	12.1	1013.7	1016	0	54	7.3	3	2	7.2	4.6	P	4
87576	2020-11-22	30.5	18.5	23.7	12.7	1014.7	1017	0	53	12.3	1	2	8.2	4.4	P	3
87576	2020-11-23	33.5	19.5	25.6	12.6	1010.4	1012.7	0	48	7.8	2	5	12.9	5.5	P	3
87576	2020-11-24	31.7	20.3	25.7	16.5	1007.2	1009.6	27	58	0	7	14	15.9	5	P	3
87576	2020-11-25	27.8	18.4	22	19.6	1007.1	1009.4	0	87	0	5	7	9.3	1.8	P	3
87576	2020-11-26	25	15.5	19.8	6.3	1012.9	1015.3	0	47	12.2	1	20	11.3	3	P	3
87576	2020-11-27	30.9	10.9	22.3	11.5	1013.1	1015.4	0	54	10.1	1	5	6.7	3.7	P	3
87576	2020-11-28	27.6	19	23.7	16	1007.9	1010.2	7	63	0	6	29	15.9	4.6	P	3
87576	2020-11-29	33.4	14.9	23.7	15.6	1008.8	1011.2	0	66	8.8	2	18	13.4	4.1	P	3
87576	2020-11-30	24.3	8	17.2	6.6	1017.4	1019.7	0	51	12.5	1	16	11.3	4.4	P	3
87576	2020-12-01	29	11.5	20.9	13.3	1011.3	1013.7	0	64	4.7	2	34	9.8	3.7	P	3
87576	2020-12-02	28.8	16.5	22.7	17.7	1005.4	1007.7	14	76	0	6	2	6.2	2.1	P	3
87576	2020-12-03	28.3	13	21.4	11.7	1005.9	1008.2	0	59	10	2	25	12.3	2.3	P	3
87576	2020-12-04	22.2	11.7	17.3	6.5	1018.4	1020.8	0	52	4.8	5	18	12.9	4.1	P	3
87576	2020-12-05	22.3	8	15.9	6.6	1023.4	1025.7	0	57	11.2	1	7	6.2	3.9	P	3
87576	2020-12-06	25.2	6.9	17.8	8.1	1019.4	1021.8	0	58	12.5	1	5	7.7	3.1	P	3
87576	2020-12-07	27.3	12	20.8	11.8	1015.7	1018.1	0	60	10.1	1	7	10.3	4.1	P	3
87576	2020-12-08	29.3	18.2	23.7	13.9	1013.6	1015.8	0	56	12.3	1	5	9.8	4.2	P	3
87576	2020-12-09	33.5	19.5	26.8	16.2	1011.3	1013.7	0	55	5.1	1	2	6.7	3	P	3
87576	2020-12-10	35.8	18.5	28.9	13.8	1004.3	1006.6	0	44	5.5	3	36	13.4	4.4	P	3
87576	2020-12-11	32.8	15.4	23.1	10.6	1004.4	1006.7	0.7	49	8	3	27	12.9	3.5	P	4
87576	2020-12-12	31.3	9.5	23.5	9.9	1004.2	1006.6	4	48	5.7	3	5	10.8	3.3	P	3
87576	2020-12-13	27.3	13.5	19.5	13.8	1008	1010.4	0	72	5.1	5	20	13.9	2.7	P	3
87576	2020-12-14	28.8	10.4	21.1	8.8	1006.4	1008.8	0	50	6.5	1	34	12.3	4.4	P	3
87576	2020-12-15	25.8	16.5	19.2	11.3	1008.7	1011.1	0	62	4.5	4	9	13.4	4.9	P	3
87576	2020-12-16	28.6	12.9	22	7.9	1012.5	1014.8	0	43	8.8	0	36	8.2	3.9	P	3
87576	2020-12-17	33.8	13.1	25.4	14.8	1009.5	1011.8	0	56	8.8	1	5	5.7	3	P	4
87576	2020-12-18	33.5	16.3	26.1	14.6	1002.9	1005.2	0	53	2.4	5	34	10.8	3.5	P	4
87576	2020-12-19	27.9	17.3	21.1	13.7	997.2	999.6	0	67	6.3	5	27	21.1	7.6	P	4
87576	2020-12-20	23.8	9.6	17.8	7.4	1008.7	1011.1	0	52	10.4	2	23	13.9	4.5	P	3
87576	2020-12-21	30	6.1	19.8	8.4	1014	1016.4	0	52	10.2	1	23	9.8	2.4	P	3
87576	2020-12-22	32.8	16.3	26	9.7	1012.3	1014.6	0	39	8.3	0	9	11.3	3	P	3
87576	2020-12-23	33.1	21.9	27.3	10	1010.2	1012.5	0	35	11.5	1	2	9.8	5	P	3
87576	2020-12-24	34.3	19.5	26.6	16.2	1009.4	1011.7	0	56	8.6	1	2	8.7	4	P	3
87576	2020-12-25	31.3	21.3	26.2	18.6	1010.7	1013	0	64	0	6	7	6.2	4.2	P	3
87576	2020-12-26	32.5	20.5	26.3	17.7	1010.9	1013.2	0	61	8.6	0	11	9.8	4.9	P	3
87576	2020-12-27	31.8	21	26.1	17.3	1012.2	1014.5	0	60	10.4	3	11	10.8	4.9	P	3
87576	2020-12-28	34	22.9	27.5	19.5	1010	1012.3	0.6	63	6.9	5	7	10.8	6.3	P	3
87576	2020-12-29	34.8	20	27.4	20.1	1004.8	1007.1	5	67	8.2	4	5	6.7	2.7	P	3
87576	2020-12-30	28.6	18.5	21.8	13.2	1003.1	1005.5	0	64	4.3	3	23	16.5	3.3	P	3
87576	2020-12-31	30.3	8.5	21.4	6	1010.5	1012.9	0	41	11.1	0	29	12.3	1.9	P	3
87576	2021-01-01	34.8	14.5	26.2	11.2	1011.6	1013.9	0	41	6	2	11	8.2	4.2	P	3
87576	2021-01-02	35	20.5	28.2	15	1012.2	1014.6	0	46	10.2	0	7	10.8	4.2	P	3
87576	2021-01-03	33.1	22.8	27.3	15.1	1010.7	1013	0	49	4.2	3	9	10.3	5.3	P	3
87576	2021-01-04	33.5	22	26.5	17.4	1007	1009.3	0	59	6.5	5	7	9.8	4.2	P	3
87576	2021-01-05	32.8	19	25	20	1005	1007.3	31	77	13.5	8	23	11.3	3.7	P	3
87576	2021-01-06	25	18.1	21	17.8	1004.6	1006.9	0	83	0.9	6	32	7.7	3.6	P	3
87576	2021-01-07	33.8	16.2	24.7	14.6	1004.5	1006.8	0	60	9.2	3	27	12.9	4.1	P	3
87576	2021-01-08	31.8	17.6	24.1	12.2	1008.4	1010.8	0	52	8	4	18	7.7	3.3	P	3
87576	2021-01-09	30	19.2	23.6	15.7	1009.5	1011.9	0	63	6.1	5	7	8.2	2.2	P	3
87576	2021-01-10	34.4	21	27.8	17.5	1005.8	1008.1	34	56	12	2	27	12.9	4.8	P	3
87576	2021-01-11	28.3	17.8	20.5	18.5	1004.3	1006.6	6	89	2.3	7	25	21.6	4.4	P	3
87576	2021-01-12	26.3	13.2	20.1	8	1015.4	1017.8	0	49	9.3	2	18	10.3	3.9	P	3
87576	2021-01-13	28.5	14	21.9	8.7	1018.5	1020.9	0	48	9.2	2	9	8.7	4.4	P	3
87576	2021-01-14	31.5	18	23.7	11.7	1015.4	1017.7	0	50	8.8	1	7	14.9	7.5	P	4
87576	2021-01-15	27.3	20	22.9	17	1006.9	1009.2	0	70	0	6	5	14.9	4	P	4
87576	2021-01-16	32.3	18	23	18.2	1001.7	1004	0.4	78	4.5	6	20	12.9	2.6	P	4
87576	2021-01-17	26.3	14	19.9	12.1	1006.8	1009.2	0	65	8.7	3	25	13.4	4.1	P	3
87576	2021-01-18	32	10.5	23.3	12	1011.8	1014.2	0	53	10.7	0	27	10.3	2.4	P	3
87576	2021-01-19	34.3	15.4	26.8	12.3	1014.2	1016.6	0	44	10.5	0	32	11.3	2.6	P	3
87576	2021-01-20	34.8	19	27.7	13.5	1015.6	1017.9	0	44	9.5	0	9	10.3	4.1	P	3
87576	2021-01-21	33.8	20.8	27.3	16.9	1016.5	1018.8	0	55	11	0	9	10.3	5.4	P	3
87576	2021-01-22	33.5	21.5	27.2	16.4	1016.7	1018.9	0	54	8.6	0	7	9.3	5.3	P	3
87576	2021-01-23	34.8	22.7	29.2	19.1	1012.3	1014.6	0	56	11.4	0	5	8.2	4.4	P	3
87576	2021-01-24	36.1	23	29.4	18.3	1008.6	1010.9	0	56	9.5	1	5	7.7	4.9	P	3
87576	2021-01-25	37	23.2	30.4	18.4	1003.6	1005.9	0	50	10.3	2	36	10.3	4.1	P	3
87576	2021-01-26	34.6	22	28.3	18.3	1000.7	1003	0	56	0.8	6	23	11.8	3.7	P	3
87576	2021-01-27	33.3	19.1	25.9	15.9	1003.2	1005.5	3	58	9	2	5	8.7	3.5	P	3
87576	2021-01-28	28.3	18.3	23.5	16.7	1003.9	1006.2	5	68	1.5	7	23	14.9	2.7	P	3
87576	2021-01-29	30.3	17.5	23.3	17.3	1002.8	1005.1	0	72	7.9	6	20	10.8	3.2	P	3
87576	2021-01-30	26.3	15.2	18.4	14.9	1007.9	1010.3	12	82	0	6	14	15.4	4.2	P	3
87576	2021-01-31	22.8	14	17.7	15	1013	1015.4	5	85	0	8	14	11.8	4.1	P	3
87576	2021-02-01	25.3	17.2	19.9	18.2	1009.5	1011.9	2	91	3	8	14	8.7	3.3	P	3
87576	2021-02-02	26	17.2	20.8	18	1011	1013.4	0	85	2.1	7	18	6.7	2.2	P	3
87576	2021-02-03	25.8	17.6	21.7	17.6	1012.1	1014.4	0	79	0.4	6	18	7.7	3.3	P	3
87576	2021-02-04	28.6	15	21.3	14	1014.4	1016.7	0	68	11.1	2	16	10.3	2.3	P	3
87576	2021-02-05	28.3	12	21.1	13.5	1012.9	1015.3	0	65	11.3	0	16	7.2	3.2	P	3
87576	2021-02-06	33.1	12	23.9	13.9	1010.8	1013.2	0	58	10.8	0	29	5.7	1.9	P	3
87576	2021-02-07	33.3	20.7	26.5	16	1010.7	1013.1	2	58	11.5	2	11	9.8	3	P	3
87576	2021-02-08	27.2	17.1	20.2	17.6	1014.4	1016.7	0	85	3	7	14	12.9	4.1	P	3
87576	2021-02-09	25.3	13.8	19.4	16.2	1017.6	1019.9	2	82	5.2	5	14	11.3	3.9	P	3
87576	2021-02-10	28.8	17.5	21.9	17	1015.6	1018	0	75	7.6	5	14	11.8	4	P	3
87576	2021-02-11	28.8	17.5	22	18.8	1011.5	1013.8	0	84	2.5	5	7	16.5	3	P	3
87576	2021-02-12	29.1	19.4	23.7	19.5	1009.7	1012	0	79	5.7	6	9	7.7	2.8	P	3
87576	2021-02-13	29.3	17.5	23.2	19.2	1006.7	1009	5.2	81	3.3	6	5	7.7	2.6	P	3
87576	2021-02-14	30.3	15.7	22.4	18.2	1003.6	1005.9	0.5	80	6.7	5	18	10.3	1.3	P	3
87576	2021-02-15	29.3	17.4	22.1	17.2	1006.9	1009.3	0	76	10.2	3	23	10.3	2.8	P	3
87576	2021-02-16	24.3	15.3	20.1	15.6	1006.9	1009.3	0	76	0.7	7	25	9.3	3.9	P	3
87576	2021-02-17	27.8	16.1	20.9	16.6	1006.7	1009	0	78	6.5	5	23	7.2	2.6	P	3
87576	2021-02-18	35.3	13.4	25	13.5	1006	1008.4	0	56	11.3	1	27	6.7	2.3	P	4
87576	2021-02-19	29.8	17.9	22.2	11.5	1009.4	1011.7	0	55	6	3	25	11.8	3.1	P	4
87576	2021-02-20	28.3	7.1	19.8	4.2	1013.7	1016.2	0	40	11.9	0	25	5.7	1.3	P	4
87576	2021-02-21	32.8	14	24.3	14.1	1010.8	1013.2	33.5	54	9.5	3	2	7.7	2.1	P	3
87576	2021-02-22	28.4	17	22.2	19.2	1008	1010.4	18	85	3.8	6	14	11.8	2.3	P	3
87576	2021-02-23	29.7	14.1	22.7	16.1	1011.5	1013.8	0	70	11.5	1	14	5.7	2.2	P	3
87576	2021-02-24	30.8	14.7	22.8	14.7	1012.1	1014.4	0	64	5.9	0	29	7.7	1.5	P	3
87576	2021-02-25	32.3	14.8	24.6	14.2	1012	1014.3	0	57	10.9	0	16	8.2	1.3	P	3
87576	2021-02-26	32.3	17.4	26.8	15.7	1012.2	1014.5	0	52	11	0	7	9.8	4.1	P	3
87576	2021-02-27	30.2	21.1	25.4	18.6	1016	1018.3	0	68	7.1	3	5	12.3	5.7	P	3
87576	2021-02-28	31.8	22	25.9	19	1014.3	1016.6	0	67	6.1	5	5	10.8	5.3	P	3
87576	2021-03-01	30.1	22.6	25.4	19.7	1011.4	1013.7	0	71	2.4	6	5	8.7	4.4	P	3
87576	2021-03-02	30.8	21	26.2	21.3	1011	1013.3	0	75	5.2	3	9	6.7	4	P	3
87576	2021-03-03	30	21.9	25.6	20.6	1013.1	1015.4	0	75	5.6	3	9	10.3	4.6	P	3
87576	2021-03-04	30.4	22.1	25.9	20.9	1010.2	1012.6	0	75	3	5	7	8.2	3.6	P	3
87576	2021-03-05	25.2	17.4	20.5	15.6	1010.4	1012.8	0	76	6.9	4	16	10.8	3.2	P	3
87576	2021-03-06	26.8	9.9	18.7	13.1	1010.9	1013.3	0	73	10.1	0	7	5.7	1.9	P	3
87576	2021-03-07	31.8	12.6	23.1	14.8	1009.3	1011.6	0	64	10	1	2	6.2	1.8	P	3
87576	2021-03-08	31.8	19.4	23.4	16.8	1011.4	1013.7	0	68	7.3	4	14	12.3	3.2	P	3
87576	2021-03-09	28.3	11.7	19.6	12.9	1014.5	1016.9	0	69	9.1	0	7	7.7	2.4	P	3
87576	2021-03-10	30.3	13.8	22.2	17.3	1009.9	1012.3	0	76	8	3	5	9.8	3.7	P	3
87576	2021-03-11	32.8	19.2	25.2	16.8	1009	1011.3	0	62	1.1	4	5	9.8	2.6	P	3
87576	2021-03-12	30.9	18.5	23	16.7	1012	1014.3	0	71	6.8	5	9	8.2	3	P	3
87576	2021-03-13	30.8	14.7	23.1	15.2	1013.8	1016.1	0	64	7	1	7	7.7	1.5	P	3
87576	2021-03-14	31.6	14.4	25.2	10.7	1014.8	1017.1	0	44	3.8	4	5	10.8	2.3	P	3
87576	2021-03-15	28.3	19	23.4	16.2	1012.9	1015.2	0.1	66	0	6	7	5.7	3.3	P	3
87576	2021-03-16	24.3	19.4	21.7	19.4	1005.8	1008.1	4	87	0	7	7	8.2	2.8	P	3
87576	2021-03-17	21.8	14.5	17.5	13.8	1010.5	1012.9	0	80	0	6	18	14.4	3.7	P	3
87576	2021-03-18	20.8	7.2	14.5	8.7	1016.9	1019.2	0	70	2	3	25	5.1	2.3	P	4
87576	2021-03-19	25.3	8.1	17.8	11.5	1013.8	1016.2	20	69	2.7	3	5	10.8	2.6	P	4
87576	2021-03-20	20.8	16	18.6	17.2	1011.1	1013.5	10	92	0	7	20	11.8	2.3	P	4
87576	2021-03-21	24	13.5	18	14.4	1017.6	1020	0	81	6.1	5	18	8.2	2.7	P	3
87576	2021-03-22	24.3	10.6	17.9	13.2	1018.3	1020.7	0	76	1.5	4	5	6.7	2.1	P	3
87576	2021-03-23	27.3	11.1	19.5	14.2	1015	1017.3	0	74	4.2	1	5	4.6	1.7	P	3
87576	2021-03-24	27.9	17.4	22.9	17.6	1013.5	1015.7	16	74	2.2	4	2	6.7	3.3	P	3
87576	2021-03-25	24.8	19.1	20.8	20	1009	1011.3	16	95	0	7	7	13.9	4	P	3
87576	2021-03-26	23.5	16.2	19.8	19	1008	1010.3	2	95	0	5	11	5.1	2.4	P	3
87576	2021-03-27	25	16.5	19.9	17.8	1008.9	1011.3	0	89	1.7	6	29	8.7	3	P	3
87576	2021-03-28	24.8	15	19.7	16.3	1010.1	1012.5	0	83	5.5	6	20	11.8	1.7	P	3
87576	2021-03-29	24.3	15.7	18.6	14.8	1013.8	1016.2	0	81	3.5	4	16	7.2	2.6	P	3
87576	2021-03-30	25	9	17.6	13.4	1016.3	1018.7	0	79	5.7	1	14	7.7	2.2	P	3
87576	2021-03-31	25.3	11.5	18.3	13.4	1016.4	1018.8	0	76	6	2	7	9.8	2.6	P	3
87576	2021-04-01	25	12.2	19.1	14.3	1016.5	1018.9	0	76	9.1	3	5	8.2	2.6	P	3
87576	2021-04-02	25.6	15	20.7	14.2	1017.6	1020	0	68	4.8	3	7	10.3	4.1	P	3
87576	2021-04-03	26.3	16.5	21.4	15.5	1017.3	1019.7	0	72	8.3	3	9	8.2	3.5	P	3
87576	2021-04-04	26.3	16.5	21.5	16.5	1014.9	1017.3	0	76	5.3	2	7	7.2	3	P	3
87576	2021-04-05	31.9	17.2	23.1	18.4	1012.7	1015.1	0	78	9.5	3	5	6.7	2.7	P	3
87576	2021-04-06	29.7	18.4	23.7	19.6	1014.1	1016.3	0	80	9.6	1	7	8.2	3.3	P	3
87576	2021-04-07	30.3	20.5	24.9	19.5	1013.1	1015.4	0	74	9.5	1	5	7.2	3.6	P	3
87576	2021-04-08	26.2	20.1	23.5	18	1009.5	1011.8	28	73	0	6	2	9.3	3.2	P	3
87576	2021-04-09	22.3	18.8	20.3	19.9	1010.6	1013	2	97	0	8	14	7.2	1.4	P	3
87576	2021-04-10	21.9	18.8	20.6	19.8	1007	1009.4	9	95	0	8	9	17	4.8	P	3
87576	2021-04-11	21.8	14	18	14.8	1008.8	1011.2	0	82	3.8	5	23	19	4.4	P	3
87576	2021-04-12	25.3	9.9	17.1	11.5	1017.1	1019.5	0	73	10	0	32	11.3	2.1	P	3
87576	2021-04-13	26.3	9	17.4	11.6	1018.9	1021.2	0	72	9.3	0	7	4.1	1.3	P	3
87576	2021-04-14	24.5	10.6	18.1	13.8	1015	1017.4	0	79	9.3	1	5	8.7	2.1	P	3
87576	2021-04-15	26.8	11.5	18.7	15.1	1011.6	1014	0	82	7.5	2	11	3.1	0.8	P	4
87576	2021-04-16	27	11.5	19.1	14.9	1012.2	1014.6	0	79	8.3	3	5	6.2	0.9	P	4
87576	2021-04-17	26.8	11.5	19	15.4	1015	1017.4	0	83	8.3	4	7	6.2	2.2	P	4
87576	2021-04-18	23.3	12.5	18.5	16.6	1016.2	1018.6	0	89	5.8	2	5	7.7	2.4	P	3
87576	2021-04-19	26.3	15.1	20.3	15.3	1017.5	1019.9	0	75	9.7	0	7	8.7	3.7	P	3
87576	2021-04-20	28.7	17	21.2	15.5	1017.7	1020.1	0	71	9.3	2	7	12.3	6.2	P	3
87576	2021-04-21	26	17.9	21.8	15.7	1015.3	1017.6	0	69	5.3	3	5	14.9	6.6	P	3
87576	2021-04-22	25	18.7	21.6	16.9	1012.5	1014.8	0	76	0	6	5	15.4	4.4	P	3
87576	2021-04-23	27.5	16	21.3	15.8	1011.5	1013.8	19	73	8.3	3	25	15.9	4.4	P	3
87576	2021-04-24	23.3	12.9	17	13.6	1012.8	1015.2	0	82	4.3	5	23	7.2	2.6	P	3
87576	2021-04-25	19.4	7.6	13.8	11.3	1016.8	1019.2	0	86	6.5	3	20	6.2	1.9	P	3
87576	2021-04-26	20.3	6.5	13.4	10.3	1017.8	1020.2	0	84	7.3	2	23	4.6	1.4	P	3
87576	2021-04-27	22.8	8	15.1	10.8	1017.3	1019.7	0	79	8.2	3	29	5.1	1.4	P	3
87576	2021-04-28	23.8	8	15.7	11.5	1018.8	1021.2	0	79	8.5	1	27	6.2	1.2	P	3
87576	2021-04-29	24.8	9	18.6	11.7	1020.1	1022.4	0	67	8.9	0	32	7.7	2.3	P	3
87576	2021-04-30	23.9	11.1	17.2	11.6	1017	1019.4	0	72	9.6	0	36	7.7	3	P	3
87576	2021-05-01	26.8	11	18.7	12.4	1013.6	1016	0	70	5.7	0	36	11.8	2.4	P	3
87576	2021-05-02	27.4	12	21.3	15.4	1010.8	1013.1	0	71	6.5	4	34	7.2	3	P	3
87576	2021-05-03	25.3	16	20.1	16.8	1007.5	1009.8	12	83	0	6	34	9.8	3.2	P	3
87576	2021-05-04	17.7	7.4	12.3	7.4	1020.1	1022.5	0	74	7.2	3	16	10.8	2.8	P	3
87576	2021-05-05	15	3.9	9.4	3.9	1024.2	1026.7	0	71	9	4	16	10.8	1.9	P	3
87576	2021-05-06	17.3	1.5	8.7	3.6	1023.1	1025.6	0	74	9.5	1	23	6.2	2.1	P	3
87576	2021-05-07	19.3	1	9.6	4.8	1023.6	1026.1	0	75	8.7	0	5	6.2	1.5	P	3
87576	2021-05-08	19.3	6.3	13.1	9.1	1024	1026.4	0	80	8.3	2	2	7.7	4	P	3
87576	2021-05-09	17.9	6	12.2	9.7	1020.1	1022.4	0	85	1	4	9	5.7	1	P	3
87576	2021-05-10	17.8	6	11.3	6.7	1020.1	1022.5	0	78	6.8	4	20	8.2	2.1	P	4
87576	2021-05-11	17.3	1.5	8.4	3.8	1021.4	1023.8	0	76	8.7	0	18	6.2	1.7	P	3
87576	2021-05-12	19.3	0.2	10.9	1.9	1019	1021.4	0	60	8.9	0	32	8.2	2.7	P	3
87576	2021-05-13	21.3	4.7	12.6	5	1018.7	1021.1	0	63	7.2	3	34	9.3	2.2	P	4
87576	2021-05-14	20.8	2.5	11.9	5.7	1018.7	1021.1	0	71	8.1	3	5	5.1	1.3	P	4
87576	2021-05-15	21	0.2	9.6	5.6	1017.7	1020.2	0	81	6.4	4	7	4.1	0.9	P	4
87576	2021-05-16	18.9	2.5	10.3	7	1017.3	1019.7	0	82	1.3	5	23	4.1	0.9	P	3
87576	2021-05-17	17.8	2.5	9.5	5.9	1019.3	1021.7	0	83	7	2	14	6.2	1.4	P	3
87576	2021-05-18	18	1.3	9.2	5.8	1018.1	1020.6	0	83	6.3	2	7	5.1	1.4	P	3
87576	2021-05-19	17.5	4.5	11.3	8	1015.2	1017.6	0	82	4.3	6	7	8.2	3.3	P	3
87576	2021-05-20	17.8	10	14.1	10.3	1013.1	1015.5	1	80	5	6	11	10.8	3.6	P	3
87576	2021-05-21	15.3	11.7	14	12.8	1008.3	1010.7	55	93	0	8	9	15.4	5.7	P	3
87576	2021-05-22	15.4	12.2	13.9	12.5	995	997.4	2	92	0	8	23	18	4.8	P	3
87576	2021-05-23	15.8	10	12.5	9.2	1007.1	1009.6	0	81	0.9	6	23	18	7.1	P	3
87576	2021-05-24	19.3	4.7	12.1	6.2	1011.2	1013.6	0	72	7.4	1	29	12.9	4.5	P	3
87576	2021-05-25	18	7.4	12.2	4.8	1013.7	1016.2	0	63	8.4	0	29	8.7	3.5	P	3
87576	2021-05-26	21.3	1.5	11.4	5.3	1013.1	1015.6	0	71	6.7	2	29	12.3	3	P	3
87576	2021-05-27	23.2	8.9	16.2	9.4	1006.8	1009.3	0	66	8	1	29	10.8	4.1	P	3
87576	2021-05-28	22.5	11.4	15.2	7.1	1000.6	1003	0	63	2	5	23	11.8	3.3	P	3
87576	2021-05-29	12.8	4	9	1.3	1011.8	1014.2	0	64	7	3	23	13.4	3.7	P	3
87576	2021-05-30	15.5	1.4	8	0.3	1017.1	1019.6	0	63	7.9	1	32	8.2	3.2	P	3
87576	2021-05-31	20.3	6.5	14.8	4.3	1011.9	1014.3	0	51	4.7	5	32	11.8	5.1	P	3
87576	2021-06-01	20.8	12.3	15.8	9.5	1006.8	1009.2	0	68	0	8	32	8.7	4.5	P	3
87576	2021-06-02	16.1	8	11.9	6.7	1011.7	1014.1	0	74	6.7	3	23	7.2	3	P	3
87576	2021-06-03	19.3	1.9	12.9	6.1	1012	1014.4	0	66	3.8	5	36	11.8	3.5	P	3
87576	2021-06-04	20.8	13	16.7	11.9	1007.1	1009.5	0	74	0	6	36	4.6	2.6	P	3
87576	2021-06-05	16.7	9.7	13.1	8.6	1012.2	1014.6	0	76	1.6	6	18	8.2	3.1	P	3
87576	2021-06-06	15.6	-1	7.9	2.5	1019.4	1021.9	0	72	5.3	2	9	6.7	2.4	P	3
87576	2021-06-07	15.2	4.7	11.3	8.7	1019.3	1021.7	0	85	0	6	5	9.3	2.8	P	3
87576	2021-06-08	18.9	11	15.1	11.9	1017.5	1019.9	0	82	4.2	6	5	6.2	3.1	P	3
87576	2021-06-09	17.9	14.5	16.2	14.8	1015.7	1018.1	0	92	0	8	7	6.2	2.8	P	3
87576	2021-06-10	20.4	9.2	14.3	10.2	1016.7	1019.1	0	79	0	4	23	10.8	2.4	P	3
87576	2021-06-11	16.6	0.9	9.3	1.1	1018	1020.5	0	62	3.7	3	29	10.8	3.6	P	3
87576	2021-06-12	22.8	8.3	16.1	8.1	1013	1015.4	0	61	7.1	2	29	10.8	4	P	3
87576	2021-06-13	22.9	12.5	17.1	11.7	1013.4	1015.9	0	74	7.3	0	29	10.3	3.2	P	3
87576	2021-06-14	17.6	8.3	12	8.5	1017.8	1020.2	0	80	2.6	3	2	6.7	2.4	P	3
87576	2021-06-15	12	-0.4	5.9	1.8	1026.2	1028.7	0	77	6.4	3	18	6.7	2.2	P	3
87576	2021-06-16	11.3	-1	5.3	1.4	1028	1030.5	0	79	0	5	18	4.6	1.7	P	3
87576	2021-06-17	10.3	-0.5	3.6	0.2	1027.7	1030.2	0	81	3.5	3	16	6.2	1.4	P	4
87576	2021-06-18	10.3	-3	3.4	0	1026.8	1029.3	0	81	3.1	4	14	4.6	1.3	P	4
87576	2021-06-19	13.8	-2.5	4.3	1.6	1025.1	1027.6	0	86	6.4	2	7	4.1	0.6	P	4
87576	2021-06-20	13.7	-3.5	4.5	0.7	1021.3	1023.8	0	82	7	3	7	6.7	1.8	P	3
87576	2021-06-21	13.3	1.3	8.9	6.5	1020.5	1023	0	86	0.3	7	5	5.7	2.2	P	3
87576	2021-06-22	15.3	10	12.5	9.1	1020.2	1022.6	0	81	6.7	5	5	7.2	3.5	P	3
87576	2021-06-23	16.2	10.7	13.6	11.9	1012.9	1015.3	2	90	0.2	8	9	9.3	3.6	P	3
87576	2021-06-24	17.4	9.5	13.1	10.3	1007.4	1009.8	0	85	4.3	5	20	12.3	4	P	3
87576	2021-06-25	20.3	3.9	11.2	4.4	1012.2	1014.6	0	67	5.6	2	36	4.6	2.8	P	3
87576	2021-06-26	13.2	5.9	8.9	6.3	1013.1	1015.5	0.2	85	0	7	20	13.4	3.1	P	3
87576	2021-06-27	8.9	3.7	5.7	4.3	1016.6	1019.1	0.5	91	1.5	5	27	9.3	4.4	P	3
87576	2021-06-28	10.2	4	7.3	3.8	1019.1	1021.6	0	80	0	7	25	14.4	6.2	P	3
87576	2021-06-29	10.3	3.4	7.5	4	1023.6	1026.1	0	79	0	7	20	10.3	3.6	P	3
87576	2021-06-30	11.2	-1.5	6.1	3.2	1023.8	1026.2	0	83	1.6	4	2	9.3	2.6	P	3
87576	2021-07-01	12.8	6	8.6	6.4	1019.5	1022	0	86	3.3	4	2	10.8	4	P	3
87576	2021-07-02	17	0.5	7.7	3.3	1018.4	1020.9	0	78	5.4	1	29	6.2	2.1	P	3
87576	2021-07-03	20	0	9.5	-4	1020.8	1023.2	0	48	5.2	2	32	11.3	3.7	P	3
87576	2021-07-04	18.3	1	9.4	1	1020.6	1023	0	60	6.4	2	36	5.1	1.5	P	3
87576	2021-07-05	18.7	-1.2	8.2	3.4	1022	1024.5	0	77	7.4	1	7	6.2	2.6	P	3
87576	2021-07-06	16.5	5.9	11.6	9.5	1017.6	1020	6	88	2.3	5	5	8.2	3.9	P	3
87576	2021-07-07	17.8	11.3	14.3	12.6	1015	1017.4	3	90	0	5	23	12.9	2.8	P	3
87576	2021-07-08	21.8	7.5	14.2	11.4	1014.5	1016.9	0	86	6.1	2	2	7.2	2.2	P	3
87576	2021-07-09	24.7	15.1	19.9	12.8	1011.4	1013.8	0	66	2.2	6	2	8.2	3.9	P	3
87576	2021-07-10	21.6	8.6	14.6	4.3	1014.2	1016.6	0	52	7.1	2	20	12.3	4.5	P	3
87576	2021-07-11	17.4	1.5	9.1	-0.2	1015.7	1018.2	5	58	6.6	2	5	9.8	2.2	P	3
87576	2021-07-12	18.7	10.5	15	13.4	1010.7	1013.1	0	91	0	8	5	6.7	1.7	P	3
87576	2021-07-13	15.6	8	11.1	8	1015.2	1017.6	0	83	2.5	5	16	6.2	2.7	P	3
87576	2021-07-14	13.8	4.9	9.7	8.2	1016.6	1019	0.2	91	0	7	11	8.2	3.3	P	3
87576	2021-07-15	15.8	8.5	10.8	7.7	1016.4	1018.8	0	84	5.4	4	23	4.6	2.2	P	4
87576	2021-07-16	17	0.2	9	4.3	1013.6	1016.1	0	76	6.1	1	2	8.2	2.7	P	4
87576	2021-07-17	13.1	1.5	8.8	0.6	1015.6	1018	0	61	6.4	5	25	13.9	5.7	P	4
87576	2021-07-18	13	4	7.6	2.3	1020.9	1023.3	0	71	5.5	2	23	17	6.7	P	3
87576	2021-07-19	14	-1.9	5.6	0.9	1023.4	1025.9	0	76	6.7	2	29	6.2	2.3	P	3
87576	2021-07-20	18.3	4.5	9.5	1.4	1018.4	1020.9	0	62	6	2	29	11.8	4	P	3
87576	2021-07-21	19.8	3.5	11.8	3.5	1019	1021.4	0	61	6.1	3	36	6.2	2.2	P	3
87576	2021-07-22	20.6	6.2	13.3	6.1	1019.2	1021.6	0	64	2.4	5	34	5.7	3	P	3
87576	2021-07-23	25.9	8.6	17.3	9.6	1013.4	1015.8	0	64	5	3	2	7.7	1.5	P	4
87576	2021-07-24	19.8	10	14.4	11.1	1011.2	1013.7	13	82	0	7	7	13.9	3.9	P	4
87576	2021-07-25	19.3	11	14.9	13.7	1005	1007.4	0	93	0	8	11	21.1	4.1	P	4
87576	2021-07-26	15.5	3.4	9.1	3.1	1014.6	1017.1	0	72	7	3	25	11.3	2.3	P	3
87576	2021-07-27	11.6	-0.5	6.9	-2.3	1018.5	1020.9	0	53	6.3	3	27	14.9	6	P	3
87576	2021-07-28	11	2.5	6	2.2	1023	1025.5	0	78	4.2	4	23	13.9	4.5	P	3
87576	2021-07-29	14.8	-0.9	6.5	-0.3	1023.9	1026.4	0	66	7.5	0	29	8.2	3.3	P	3
87576	2021-07-30	17.1	5.3	10.5	-1	1022.5	1025	0	47	8.2	0	34	8.7	3.9	P	3
87576	2021-07-31	18.3	2.5	11.3	2.6	1025.2	1027.6	0	57	6.8	1	36	6.7	1.8	P	3
87576	2021-08-01	16.3	-0.8	6.8	2.4	1029.2	1031.7	0	78	7.5	1	7	5.7	1.5	P	3
87576	2021-08-02	17.1	5.7	10.3	4	1027.5	1030	0	71	7.8	4	5	5.7	2.6	P	3
87576	2021-08-03	19	4.4	11.2	5.8	1026.1	1028.5	0	73	9	0	29	6.2	1.5	P	3
87576	2021-08-04	19.3	0.7	9.3	5.1	1027.2	1029.7	0	82	8.1	2	5	6.7	2.8	P	3
87576	2021-08-05	14.3	7	10.4	9.6	1023.7	1026.1	0	95	0	4	5	7.7	2.7	P	3
87576	2021-08-06	22.3	7.7	14.6	11.6	1017.7	1020.1	0	84	7.7	1	5	6.2	2.3	P	3
87576	2021-08-07	26.6	14.6	19.4	14	1011.3	1013.7	0	74	6.7	2	16	12.3	3.3	P	3
87576	2021-08-08	21.3	6.5	10	7.6	1014.9	1017.3	37	86	0	7	11	18	5.8	P	3
87576	2021-08-09	10.3	5.8	7.8	4.7	1022.4	1024.8	0	82	0	8	18	13.4	4.5	P	3
87576	2021-08-10	11.2	-1.5	4.7	-0.1	1024.1	1026.6	0	75	8.3	1	23	7.2	2.2	P	3
87576	2021-08-11	14.5	0	6.8	2.3	1025.8	1028.3	0	75	9.2	0	27	8.2	2.6	P	3
87576	2021-08-12	13.8	0.2	5.9	2.6	1028	1030.5	0	82	7.4	1	9	5.7	2.1	P	3
87576	2021-08-13	14.1	0.4	7.6	4.9	1026.1	1028.6	0	85	6.2	3	2	7.2	2.7	P	3
87576	2021-08-14	17.3	1.5	8.8	6	1020.8	1023.3	0	86	6.4	4	14	4.6	1	P	3
87576	2021-08-15	16.3	2.1	9.3	7	1017.4	1019.8	0	88	3.8	6	5	5.7	1.8	P	3
87576	2021-08-16	18.3	8.5	13.4	10.1	1011.6	1014.1	0	83	3.6	6	5	10.3	4.4	P	3
87576	2021-08-17	22.5	8	15	9.9	1010.7	1013.2	0	75	6.2	3	5	6.2	2.6	P	3
87576	2021-08-18	22.6	8.5	14.8	12.3	1006.6	1009	0	87	7.6	4	7	10.3	3	P	3
87576	2021-08-19	18.3	10	13.2	9.8	1003.6	1006	0	83	3.7	6	18	14.9	3.9	P	4
87576	2021-08-20	20.3	9.3	13.7	3.7	1013.2	1015.6	0	55	7.7	2	25	10.8	3.1	P	4
87576	2021-08-21	17.9	3.9	11.4	4.4	1012.1	1014.5	0	64	0	7	9	12.9	4.9	P	4
87576	2021-08-22	20.8	6.7	14.2	6.6	1005.2	1007.6	0	64	8.8	2	25	12.3	3	P	3
87576	2021-08-23	15.8	3.2	9.1	0.1	1012	1014.5	0	56	2.5	3	34	3.6	1.4	P	3
87576	2021-08-24	16.6	1.9	9.8	1.1	1013.4	1015.9	0	58	6.2	4	18	5.7	1.9	P	3
87576	2021-08-25	18.1	2	10.4	4.2	1012.9	1015.3	0	70	8.3	4	11	7.2	2.1	P	3
87576	2021-08-26	21.2	3.9	14.1	0.9	1012.4	1014.8	0	50	8.6	1	34	11.8	4.6	P	3
87576	2021-08-27	18	3.5	10.7	0.3	1018.2	1020.6	0	50	8.6	2	9	5.7	2.1	P	3
87576	2021-08-28	22.3	8	14.8	6.6	1019.9	1022.3	0	61	3.1	4	2	7.7	3.3	P	3
87576	2021-08-29	23.3	4	14.1	6.7	1021.3	1023.6	0	67	8.8	1	7	5.1	2.1	P	3
87576	2021-08-30	25.3	10.5	17.1	12.7	1016	1018.4	0	78	9.3	0	5	9.3	3.5	P	3
87576	2021-08-31	29.6	15	22.3	15.4	1012.4	1014.7	0	66	1.7	5	2	7.7	3.7	P	3
87576	2021-09-01	23.7	14.5	17.7	14.7	1012.4	1014.8	27	84	0	8	5	16.5	3.9	P	3
87576	2021-09-02	15.6	11.5	14.1	13.2	1016	1018.4	0	95	0	8	16	8.2	4.2	P	3
87576	2021-09-03	18	9.7	13.7	11	1017.5	1019.9	0	85	1.8	5	11	8.2	4	P	3
87576	2021-09-04	17.9	6.5	12.6	10.5	1013.6	1016	4	88	0.8	5	7	9.8	3.6	P	3
87576	2021-09-05	19.3	9.6	13.2	10.1	1016.2	1018.6	0	83	7	4	5	6.2	4	P	3
87576	2021-09-06	19	9.7	14.8	11.5	1015.9	1018.3	2	81	0	6	11	9.8	5.4	P	3
87576	2021-09-07	16.5	13	14.9	13.2	1011.1	1013.5	19	90	0	8	9	14.4	7.1	P	3
87576	2021-09-08	16.9	14	15.2	14.6	1003.4	1005.8	33.3	97	0	8	9	14.9	3.7	P	3
87576	2021-09-09	15.3	11.5	13	12.2	1003.2	1005.6	0.2	95	0	8	23	14.4	4	P	3
87576	2021-09-10	15.3	9.9	12.7	11	1015	1017.3	0	90	0	7	23	11.3	3	P	3
87576	2021-09-11	19	9	15.2	11.5	1014.1	1016.4	0	81	4.3	7	5	12.3	4.4	P	3
87576	2021-09-12	26.6	14	18.7	13.8	1006.3	1008.8	0	74	3.6	3	2	12.9	4.4	P	3
87576	2021-09-13	18.6	11.5	15.2	12	1007.9	1010.3	0	83	0.7	6	16	12.9	4.2	P	3
87576	2021-09-14	19.7	7.4	12.9	3.6	1014.4	1016.8	0	58	6	3	25	13.4	3.9	P	3
87576	2021-09-15	21.1	1.9	13.2	3.1	1019.2	1021.6	0	57	8	0	29	8.7	3.2	P	3
87576	2021-09-16	25	8.4	17.6	3.6	1021.7	1024.1	0	42	5.2	1	32	9.3	3.7	P	4
87576	2021-09-17	23.6	11	17.3	7.5	1017.2	1019.5	0	55	6.4	1	5	8.2	2.3	P	4
87576	2021-09-18	25.3	7	17.1	11.5	1013.1	1015.5	0	74	5.1	0	7	7.7	3.2	P	4
87576	2021-09-19	19.2	13	16.7	14.5	1010.7	1013.1	0	87	0	7	9	9.3	4.4	P	3
87576	2021-09-20	21.3	12.5	15.7	12.6	1014.9	1017.2	0	83	0.6	6	18	12.9	3.9	P	3
87576	2021-09-21	18.6	5.3	11.4	5	1025.7	1028.2	0	68	6.3	1	11	8.2	3.6	P	3
87576	2021-09-22	15.5	4.8	12.5	8.7	1022.4	1024.8	1	80	0	6	5	9.8	3.2	P	3
87576	2021-09-23	19.8	11	14.8	11.5	1020.1	1022.5	0	82	1.2	6	11	6.7	3	P	3
87576	2021-09-24	21	7	14.4	10.5	1021.5	1023.9	0	79	4	2	9	6.7	3.2	P	3
87576	2021-09-25	21.3	10	15.6	11.3	1016.9	1019.3	0	77	5.5	3	7	8.7	4	P	3
87576	2021-09-26	26.9	9.3	18.8	12.3	1013.6	1016	0	69	4.9	1	36	7.2	2.3	P	3
87576	2021-09-27	20	10.7	12.4	11.3	1017.5	1019.9	0	93	0	8	14	11.3	4.6	P	3
87576	2021-09-28	18.3	9.6	13	11.3	1019.1	1021.5	0	90	0.8	8	18	7.7	3.5	P	3
87576	2021-09-29	21.1	9	15.6	11.6	1016.1	1018.5	0	80	5.1	4	7	10.3	4.8	P	3
87576	2021-09-30	19.3	14.5	16.2	14.1	1007.9	1010.3	15	89	0	7	2	12.9	4.6	P	3
87576	2021-10-01	23.5	9.6	15.8	8.1	1011.5	1013.9	0	67	8.8	0	23	7.2	1.9	P	3
87576	2021-10-02	19.5	5.2	14.7	9	1008.9	1011.3	5	70	2	5	2	12.9	4	P	3
87576	2021-10-03	17.3	4.9	11.2	2.8	1012.9	1015.3	0	60	9.6	1	25	13.4	4	P	3
87576	2021-10-04	21	2	13.9	3.3	1015.3	1017.7	0	53	9.5	0	23	9.8	2.6	P	3
87576	2021-10-05	24.6	12.8	18.3	4.5	1013	1015.4	0	42	10.2	1	34	10.8	3.7	P	3
87576	2021-10-06	19.8	9.5	13.9	4.9	1018	1020.4	0	56	5.1	2	18	12.9	3.9	P	3
87576	2021-10-07	18.8	3.1	11	2.3	1020.3	1022.7	0	58	10.5	0	29	5.7	2.4	P	3
87576	2021-10-08	19.3	6	13.1	6.6	1017.6	1020	0	67	0.2	3	9	8.7	3.9	P	3
87576	2021-10-09	21.8	6.9	15	8.7	1018	1020.4	0	68	10.2	2	9	8.2	3.5	P	3
87576	2021-10-10	21.4	9.6	15.7	12.7	1016.5	1018.9	0	83	0.5	5	7	7.2	3.3	P	3
87576	2021-10-11	20.3	14.6	17.1	14.7	1014.1	1016.5	0	86	1.3	8	16	7.2	3	P	3
87576	2021-10-12	21.5	14	17.8	15.2	1010.1	1012.5	0	86	0	8	16	5.1	2.1	P	3
87576	2021-10-13	19.1	14	16.4	15.3	1005.8	1008.3	0.4	94	0	7	5	5.7	1.8	P	3
87576	2021-10-14	24.3	9.5	15.2	11.2	1004.3	1006.8	0	80	7.5	7	20	18	2.4	P	4
87576	2021-10-15	19.3	6.5	13	4	1018.6	1021	0	60	8.7	3	18	10.8	3.1	P	4
87576	2021-10-16	21.3	6.5	16	2.6	1021	1023.4	0	42	11	1	27	10.8	2.7	P	4
87576	2021-10-17	24.2	8.2	18.5	5.1	1017.7	1020.1	0	43	9.8	2	29	10.8	3.7	P	3
87576	2021-10-18	22.3	8.4	15.7	8.4	1019.4	1021.8	0	66	11.1	0	18	6.2	2.8	P	3
87576	2021-10-19	24.4	6	16	7.2	1019.7	1022.1	0	62	10.4	0	7	7.2	1.8	P	3
87576	2021-10-20	26.8	8.4	18.8	12	1016.5	1018.9	0	68	10.5	1	7	6.7	2.8	P	3
87576	2021-10-21	28.2	15.8	22.1	12.4	1012.4	1014.7	0	57	9	2	2	7.7	3.2	P	3
87576	2021-10-22	26.3	13.5	18.9	12.4	1009.4	1011.7	15	68	0	6	18	12.9	4.1	P	3
87576	2021-10-23	21.6	13	17	11.9	1006.5	1008.9	0	75	3.9	6	25	12.3	2.6	P	3
87576	2021-10-24	25.3	4.4	16.6	5.4	1009.6	1012.1	0	51	11.4	0	29	15.9	4.2	P	3
87576	2021-10-25	28.8	16.6	22.7	6.9	1007	1009.3	0	37	3.5	4	29	15.4	5.8	P	3
87576	2021-10-26	34.7	11.5	23.7	13	1010.3	1012.6	0	57	11	2	29	8.7	2.2	P	3
87576	2021-10-27	35.8	15.5	26.8	13.5	1015.4	1017.7	0	49	11.4	0	29	6.2	2.2	P	3
87576	2021-10-28	35.1	18	27.9	13.7	1017.9	1020.2	0	44	8.3	3	7	11.3	3.5	P	3
87576	2021-10-29	30.6	20.7	25.4	11.9	1015.1	1017.3	0	46	11	1	5	10.3	4.4	P	3
87576	2021-10-30	32.1	20.1	25.9	17.1	1012.1	1014.5	0	60	11	2	7	10.8	4	P	3
87576	2021-10-31	26	13.9	16.8	14.2	1016.9	1019.3	0	86	0	8	14	9.3	4.4	P	3
87576	2021-11-01	18.6	12.4	15.6	13.8	1016.3	1018.6	3	90	0	8	14	8.2	3.7	P	3
87576	2021-11-02	22.9	13.9	18.6	17	1012.5	1014.9	0.2	92	0	7	18	6.2	2.4	P	3
87576	2021-11-03	23.6	18.5	20.6	18.8	1007.7	1010	0.2	90	0.4	8	14	6.2	3.2	P	3
87576	2021-11-04	27.7	19.1	22.8	18.3	1007.4	1009.7	0	77	5.2	5	5	6.2	3	P	3
87576	2021-11-05	22.8	11.8	15.8	6.7	1017.6	1020	0	58	0	8	18	14.9	4.9	P	3
87576	2021-11-06	22.4	8.4	15.7	7.9	1020.8	1023.2	0	61	10	5	14	14.9	4.9	P	3
87576	2021-11-07	23.9	10.8	18.5	11.8	1015.8	1018.2	0	66	9.1	4	7	6.7	3.5	P	3
87576	2021-11-08	30.1	14.3	22	11.5	1013.5	1015.9	0	55	11.9	2	14	11.8	2.6	P	3
87576	2021-11-09	25.6	13.4	19.5	12.4	1016.2	1018.6	0	65	2.8	4	11	12.9	4.1	P	3
87576	2021-11-10	25.1	14.1	19.2	12.7	1017.9	1020.3	0	68	4.6	5	7	13.4	4.8	P	3
87576	2021-11-11	25.6	16.5	20.2	10.9	1019.9	1022.3	0	59	11.9	2	7	11.3	6.4	P	3
87576	2021-11-12	25.3	15.7	20	10.6	1018.2	1020.6	0	58	10.5	2	5	13.4	6.2	P	3
87576	2021-11-13	29.4	16.4	23.3	12.3	1008.9	1011.3	28	52	7.2	3	5	15.9	7.1	P	3
87576	2021-11-14	26.9	17.2	20.5	13.1	1008.9	1011.3	0	67	9.1	4	9	16.5	3.5	P	3
87576	2021-11-15	29.5	12.4	23	15.1	1007.7	1010	0	64	9.1	2	36	10.8	2.8	P	3
87576	2021-11-16	25.8	13.9	17.1	11.2	1014.2	1016.5	0	71	4.7	5	18	13.4	4.4	P	3
87576	2021-11-17	21.6	3.9	14.4	3.9	1015.9	1018.3	0	54	13.5	0	20	7.2	2.1	P	3
87576	2021-11-18	26.6	7.1	18.7	4.1	1011	1013.4	0	43	12.2	0	29	9.3	2.6	P	4
87576	2021-11-19	27.6	13	21.8	11.1	1011.6	1014	0	51	12.5	1	27	6.2	2.1	P	4
87576	2021-11-20	31.2	12.9	23.9	15.6	1011.1	1013.4	0	63	10.9	1	7	7.2	2.4	P	4
87576	2021-11-21	35.9	21.1	29.3	11	1006.4	1008.7	0	35	10.2	1	29	13.4	5.3	P	3
87576	2021-11-22	35.6	21.9	26.9	10.4	1004.5	1006.8	0	37	7	3	16	15.4	4.9	P	3
87576	2021-11-23	26.6	9.2	19.5	4.1	1015.1	1017.4	0	41	12.4	0	16	12.3	4.1	P	3
87576	2021-11-24	33.7	13.5	26.3	7.4	1007.9	1010.2	0	31	10.8	1	36	9.3	4.1	P	3
87576	2021-11-25	28.4	17.9	21.6	14.9	1003	1005.3	9	71	0	7	29	12.3	1.9	P	3
87576	2021-11-26	30.6	13.6	22	14.1	1007.7	1010.1	0	65	11.6	1	5	8.2	2.7	P	3
87576	2021-11-27	28.1	14.6	22.1	15.9	1007.8	1010.1	21	71	8	3	9	10.3	4.4	P	3
87576	2021-11-28	22.1	16.7	19.5	17.8	1003.8	1006.1	37.1	90	0	8	7	10.3	3.1	P	3
87576	2021-11-29	25.6	16.9	20.1	14.7	1001.8	1004.2	0	72	5.6	5	23	13.9	4.2	P	3
87576	2021-11-30	25.3	10.3	18.9	11.3	1008.3	1010.7	0	65	11.8	0	7	8.7	3.5	P	3
87576	2021-12-01	23.1	10.9	18.1	12.8	1012.7	1015	0	73	3	5	9	8.2	3.3	P	3
87576	2021-12-02	26.1	12.8	19.8	13	1013.7	1016.1	0	67	10.4	1	2	7.7	3.6	P	3
87576	2021-12-03	25.3	17.7	21	12.9	1013.5	1015.9	0	61	0.6	5	7	7.7	3.2	P	3
87576	2021-12-04	25.6	16	20.2	15.7	1016.5	1018.9	3	76	1.1	7	18	7.7	3.3	P	3
87576	2021-12-05	25.1	16.4	20.4	16.5	1017.7	1020.1	5	80	6.9	6	16	10.3	3	P	3
87576	2021-12-06	26.9	14.4	21.2	16	1018.9	1021.3	0	75	10.2	2	9	6.7	3.3	P	3
87576	2021-12-07	28.6	18.9	23.5	15.2	1017.2	1019.6	0	63	12.3	1	7	13.4	4.9	P	3
87576	2021-12-08	28.2	19.2	23.2	12.6	1016.1	1018.4	0	54	8.6	3	7	11.8	4.2	P	3
87576	2021-12-09	26.7	18.6	22.8	15.4	1015	1017.3	0	64	1.7	5	5	8.2	4.5	P	3
87576	2021-12-10	26.4	20.1	22.4	15.5	1010.8	1013.1	0	66	3.8	5	7	8.7	4.5	P	3
87576	2021-12-11	30.6	17.4	23.7	16.1	1003.8	1006.2	0	65	6.1	3	7	7.2	3.3	P	3
87576	2021-12-12	28.5	21.1	23.7	17	1002.2	1004.5	0.1	67	5	4	27	12.9	2.8	P	3
87576	2021-12-13	29.1	17.6	23.2	11.1	1009.6	1011.9	0	50	3.1	6	18	8.2	2.7	P	3
87576	2021-12-14	28.3	12.8	21.9	11.2	1012.3	1014.6	0.2	55	8	4	9	15.4	4.4	P	3
87576	2021-12-15	26.4	18.6	21.9	16.3	1012.2	1014.6	0	72	6.9	4	7	13.9	3.5	P	3
87576	2021-12-16	28.8	12.9	21	14.7	1014.1	1016.5	0	70	10.5	2	9	11.8	4.2	P	4
87576	2021-12-17	28.7	14	22.1	13.2	1016	1018.4	0	61	9.5	2	9	8.7	4	P	4
87576	2021-12-18	30.1	18.9	23.9	15.5	1014.3	1016.6	0	61	9.3	1	9	8.2	5.5	P	4
87576	2021-12-19	32.5	19.5	25.9	15.5	1010	1012.3	0	54	10.8	1	7	8.7	4	P	3
87576	2021-12-20	34.1	17.9	25.9	17.4	1009.2	1011.5	0	62	5.4	3	5	9.3	4.9	P	3
87576	2021-12-21	31	20.4	25.1	16.5	1006.6	1008.9	0	62	4	5	7	8.2	4.5	P	3
87576	2021-12-22	33.3	16.7	25.2	15.2	1011	1013.4	0	59	8.9	1	7	9.8	2.7	P	3
87576	2021-12-23	31.1	17.7	25.2	16.2	1013.3	1015.6	0	60	8.1	1	7	8.2	4.1	P	3
87576	2021-12-24	35.6	22.2	28.9	13.7	1007.5	1009.8	3	44	8.7	2	36	10.3	4	P	3
87576	2021-12-25	32	19.1	24.8	18.4	1007.6	1009.9	0	71	11.6	3	2	10.3	3.7	P	3
87576	2021-12-26	35	15.4	25.3	14.9	1009.7	1012	0	59	11	1	16	15.4	1.8	P	3
87576	2021-12-27	34.6	17.3	25.6	15.5	1007.8	1010.2	0	59	10.7	2	20	8.7	3.5	P	3
87576	2021-12-28	36.6	21.4	28.2	14.3	1008.1	1010.4	0	46	3.3	3	34	9.3	3.6	P	3
87576	2021-12-29	41.1	26.5	32.9	9.8	1007.3	1009.6	0	25	10	3	34	13.4	4.2	P	3
87576	2021-12-30	35.1	26.4	29.7	13.5	1006	1008.4	0	38	3.5	4	2	11.8	4.6	P	3
87576	2021-12-31	34.6	18.3	26.3	17.3	1004.2	1006.5	0	61	8	2	14	7.7	3.6	P	3
87576	2022-01-01	28.1	20.3	24.2	18.3	1001.3	1003.6	0.5	69	0	6	34	14.9	3.6	P	3
87576	2022-01-02	35	15.9	26.8	16.4	1002.3	1004.6	0	58	9.5	2	2	8.7	3.2	P	3
87576	2022-01-03	37.6	20.7	29	17.8	1004.5	1006.8	0	53	8.8	4	11	9.3	3.1	P	3
87576	2022-01-04	31.1	22.9	27	15.2	1003.8	1006.1	0	50	0	6	29	15.9	4.1	P	3
87576	2022-01-05	29.1	10.4	20.4	10	1013.2	1015.6	0	53	8.8	1	5	10.3	5.1	P	3
87576	2022-01-06	30.1	11.2	22.5	9.6	1014.1	1016.4	0	49	5	0	9	10.8	4.2	P	3
87576	2022-01-07	29.6	19.5	24.6	14.5	1013.7	1016	0	55	5	4	7	10.8	4.9	P	3
87576	2022-01-08	30.7	22.2	25.4	14.8	1013.2	1015.5	0	53	8.4	1	9	11.8	6.2	P	3
87576	2022-01-09	32	20.9	26.8	14.7	1012.1	1014.4	0	49	8.7	1	7	10.8	5.4	P	3
87576	2022-01-10	37.1	20.4	28.4	15.8	1009	1011.3	0	51	8.4	1	5	7.7	3.1	P	3
87576	2022-01-11	40.6	20.5	32.4	15.4	1006.1	1008.3	0	39	8.5	2	14	15.4	3	P	3
87576	2022-01-12	34.6	17.9	26.9	14.4	1011.4	1013.7	0	49	8.2	0	9	10.8	4.5	P	3
87576	2022-01-13	38.3	21.7	29.6	13.5	1009.9	1012.2	0	42	8	0	2	10.3	4.8	P	4
87576	2022-01-14	42	24.4	33	15.1	1006.5	1008.8	0	40	7.9	0	32	12.9	4.2	P	4
87576	2022-01-15	40.1	27.1	33.2	18.9	1003.4	1005.6	22.5	43	3	2	36	19	4.1	P	4
87576	2022-01-16	33.9	21.9	26	20.6	1000.8	1003.1	1	75	5.3	6	11	12.3	3	P	3
87576	2022-01-17	28	19.5	22.3	18.1	1006	1008.3	0	79	0.9	8	16	12.9	5.9	P	3
87576	2022-01-18	24.6	19.4	22.4	20.4	1012.6	1014.9	32.6	89	0	8	7	8.7	4	P	3
87576	2022-01-19	27.3	20.4	23.2	20.6	1013.6	1015.9	0	86	0	7	14	10.8	5.4	P	3
87576	2022-01-20	29.9	21.9	24.3	22.4	1011.8	1014.1	38	90	0	8	23	24.2	5.4	P	3
87576	2022-01-21	30.6	22.9	25.5	22.1	1006	1008.3	4	82	2.4	5	18	12.3	3	P	3
87576	2022-01-22	25.1	20.4	22.2	21	1004.9	1007.2	14	93	0	7	29	12.9	4.2	P	3
87576	2022-01-23	26.2	18.9	22.7	20	1008.1	1010.5	0	85	0.6	7	14	5.1	1.5	P	3
87576	2022-01-24	30.6	19.3	25.2	20.8	1008.8	1011.1	0	78	3.3	5	36	5.1	1.4	P	3
87576	2022-01-25	31.1	20.2	24.8	22.8	1006.4	1008.7	10	89	2.7	5	7	10.8	1.9	P	3
87576	2022-01-26	26.7	18.9	23.6	19.2	1008.1	1010.4	2	77	0	6	14	14.4	3.5	P	3
87576	2022-01-27	23.6	11.4	18	10.5	1018.2	1020.6	0	63	9	1	18	11.3	4.2	P	3
87576	2022-01-28	25.4	10.9	19.9	11.9	1014.5	1016.8	0	62	4.2	1	7	7.7	3	P	3
87576	2022-01-29	29.1	15.4	23.6	16	1010.7	1013	0	65	11.7	2	5	9.8	3.5	P	3
87576	2022-01-30	31.1	18.6	25.7	15.4	1006.2	1008.5	0	54	12.3	1	2	9.8	3.5	P	3
87576	2022-01-31	27.2	15.8	20.9	9.3	1008.9	1011.2	0	52	12.2	3	16	11.8	3.3	P	3
87576	2022-02-01	30.3	16.4	23	10.7	1009.2	1011.6	0	47	12.1	0	2	9.3	3.2	P	"\N"
87576	2022-02-02	34.1	19.8	27.5	15.9	1007.8	1010.2	9	51	11.5	3	5	7.7	2.8	P	3
87576	2022-02-03	28.6	19.4	22.6	19.2	1006.9	1009.2	2	82	0.7	7	29	17	3.5	P	3
87576	2022-02-04	29.1	16.9	22.5	19.2	1005.6	1007.9	13	84	5.3	5	9	6.7	2.3	P	3
87576	2022-02-05	22.8	16.1	19.7	16.5	1006.6	1009	0.5	83	4.3	7	29	12.3	3.7	P	3
87576	2022-02-06	22.1	11.5	17.8	12.2	1012.5	1015	0.2	71	8	4	25	12.9	4.4	P	3
87576	2022-02-07	24.2	12.5	18.8	12.6	1015.8	1018.2	0	70	10.8	3	16	7.2	2.8	P	3
87576	2022-02-08	26.7	10.9	20.1	14	1015	1017.3	0	70	10.3	1	9	6.2	2.1	P	3
87576	2022-02-09	28.4	15.7	22.4	14.7	1011.6	1014	0	64	11.2	1	5	9.8	4.1	P	3
87576	2022-02-10	30.6	18.6	24.7	15.4	1007.6	1010	0	60	11.2	0	5	12.3	4	P	3
87576	2022-02-11	28.9	17	21	15.6	1010.9	1013.2	0.1	73	4.8	5	18	15.4	4.5	P	3
87576	2022-02-12	22.5	12.4	16.7	11.2	1016.4	1018.8	0	71	7	6	16	12.3	3.6	P	3
87576	2022-02-13	26.6	6.3	17.5	8	1011.7	1014.1	0	57	11.3	1	27	10.8	2.8	P	3
87576	2022-02-14	32.1	13.4	23.4	10.7	1008.5	1010.9	0	48	11.4	0	27	7.7	3.5	P	3
87576	2022-02-15	33.6	18.9	27.4	13	1009.5	1011.8	0	42	11	0	32	12.3	3.2	P	3
87576	2022-02-16	35.7	20.1	27.6	14.7	1009.6	1011.9	0	48	10.2	2	14	11.8	2.2	P	3
87576	2022-02-17	28	15.5	20.2	12.5	1014.4	1016.8	0	62	8.3	2	11	11.3	5	P	4
87576	2022-02-18	27.8	9.4	19.6	13.7	1011.2	1013.6	0	70	9.9	2	11	8.2	3.5	P	4
87576	2022-02-19	30.6	18.4	24.4	17.2	1006.5	1008.8	5	67	9.4	3	9	7.7	4.9	P	4
87576	2022-02-20	23.9	17.9	20	17.8	1005.5	1007.8	3	87	0	8	14	11.3	2.6	P	3
87576	2022-02-21	26.7	16.1	21.3	15.8	1011.9	1014.3	0	73	10.5	3	25	9.8	3.1	P	3
87576	2022-02-22	26.7	16.3	21.1	16.1	1015.7	1018.1	0	75	7	4	16	5.7	2.1	P	3
87576	2022-02-23	28.4	16.2	21.6	17	1013.1	1015.4	4	77	10.6	1	9	9.3	3.3	P	3
87576	2022-02-24	23.9	18.9	21.6	19	1008.8	1011.2	7	86	2	5	7	14.9	4.4	P	3
87576	2022-02-25	30.9	12.9	23	13.5	1012.4	1014.7	0.5	62	10.9	0	5	6.7	1.5	P	3
87576	2022-02-26	28.6	18.9	23	20.5	1009.5	1011.8	44.2	86	2	7	36	9.8	3.2	P	3
87576	2022-02-27	27.7	20.4	22.6	21.2	1004.4	1006.7	4	92	0	7	7	13.9	3.9	P	3
87576	2022-02-28	28.1	16.9	21.1	14.8	1008.3	1010.7	0	73	10.2	3	23	11.8	2.3	P	3
87576	2022-03-01	27.1	10.3	21	11.2	1010.6	1013	0	54	10.2	0	36	11.3	3.7	P	3
87576	2022-03-02	29.6	18.5	23.6	13.5	1007.6	1009.9	0	54	10.9	1	27	9.8	4.2	P	3
87576	2022-03-03	28.1	14.8	21.9	15.7	1010.5	1012.8	0	70	9.5	1	7	8.7	4.1	P	3
87576	2022-03-04	28.6	19.2	24.2	19.6	1008.4	1010.7	0.1	76	1.4	6	34	6.2	3.1	P	3
87576	2022-03-05	26.1	19.4	23.8	20.8	1007	1009.3	0	84	0	5	11	10.3	2.8	P	3
87576	2022-03-06	29.9	14.5	22.1	18.2	1006.4	1008.7	19	80	8.8	3	5	9.3	3.9	P	3
87576	2022-03-07	25.4	15.1	21.3	16.1	1003.5	1005.9	0	74	9.2	4	32	20.6	4.5	P	3
87576	2022-03-08	28.1	12.4	20.4	11.2	1011.1	1013.5	6	60	10.8	0	7	8.2	3.1	P	3
87576	2022-03-09	22.5	16.3	18.9	15.6	1011.4	1013.8	7	81	0	7	2	12.9	1.7	P	3
87576	2022-03-10	25.1	14.4	19.2	14.4	1012.3	1014.7	0	76	8.8	2	14	7.7	2.6	P	3
87576	2022-03-11	23.5	10.5	17	11.9	1015.5	1017.9	0	75	7.4	1	20	8.7	3	P	3
87576	2022-03-12	25.1	7.9	17.4	10.8	1016.6	1019	0	69	9.7	0	9	5.1	1.3	P	3
87576	2022-03-13	26.1	10.2	18.8	12.3	1016.3	1018.7	0	70	9.4	0	5	5.1	0.9	P	3
87576	2022-03-14	27.9	11.2	20.1	13.6	1012.4	1014.8	0	67	9.4	1	32	6.2	1.5	P	3
87576	2022-03-15	30.2	17.7	23.8	15.7	1012.2	1014.5	0	61	5.8	3	29	7.2	1.9	P	3
87576	2022-03-16	28.8	20.5	25	14.9	1010.5	1012.8	0	54	6	0	7	9.3	3.1	P	3
87576	2022-03-17	30.6	16.9	24.1	17.7	1006.3	1008.6	5	69	2.6	4	25	4.1	1	P	4
87576	2022-03-18	25.3	13.1	16.1	12.2	1015.5	1017.9	2	79	1	6	20	10.8	3.9	P	4
87576	2022-03-19	20.7	4.9	13.3	6.3	1022.3	1024.7	0	67	7	1	14	7.2	1.4	P	4
87576	2022-03-20	22.1	6.8	15.3	9.4	1023.2	1025.6	0	70	4.3	3	9	11.8	3.6	P	3
87576	2022-03-21	22.4	15.4	18.6	11.5	1017.5	1019.9	4	64	0.3	7	9	13.9	6	P	3
87576	2022-03-22	25.1	17.4	21	18.1	1010.8	1013.1	0	84	0	6	9	9.3	3.2	P	3
87576	2022-03-23	27.9	18.5	22.8	19.2	1004.1	1006.4	35	81	1.9	5	5	11.8	3.3	P	3
87576	2022-03-24	22.9	10.9	15	12.2	998.5	1000.8	0.7	84	1	8	32	17	7.6	P	3
87576	2022-03-25	22.1	8.1	14.1	12.6	1000.8	1003.2	2	91	0	6	23	17	4.2	P	3
87576	2022-03-26	23.6	15.4	18.4	14.3	1004.9	1007.2	0	79	3.6	5	27	10.8	4	P	3
87576	2022-03-27	27.6	11.5	19.1	13.8	1010	1012.4	0	75	6.5	0	32	9.3	2.7	P	3
87576	2022-03-28	27.4	12.5	21.5	15	1011.5	1013.8	0	69	5.8	0	5	8.2	2.4	P	3
87576	2022-03-29	28.6	15.9	21.5	12.9	1005.2	1007.5	0	59	0.9	4	32	12.9	4.2	P	3
87576	2022-03-30	17.1	6.6	11.5	3.2	1015.2	1017.6	0	58	5.2	1	23	14.4	4.5	P	3
87576	2022-03-31	18.7	3.8	10.8	4.2	1022	1024.5	0	68	7.3	0	32	10.3	1.5	P	3
87576	2022-04-01	20.7	5.4	13.7	6	1023.8	1026.2	0	63	8.3	1	11	8.2	1.7	P	3
87576	2022-04-02	22.6	10.5	17.4	9.8	1018.3	1020.6	0	63	10.2	1	7	12.3	3.7	P	3
87576	2022-04-03	24.1	15.8	19	13.8	1011.5	1013.9	0.5	73	2.2	5	36	9.3	3.1	P	3
87576	2022-04-04	22.6	5.5	14.5	4.1	1015	1017.4	0	55	10.3	0	36	3.1	2.1	P	3
87576	2022-04-05	25.5	6.1	16.6	6.1	1014.1	1016.5	0	54	10	0	5	5.7	1.8	P	3
87576	2022-04-06	26.6	10.2	20.1	13.9	1012	1014.4	0	70	9.2	1	36	9.3	2.3	P	3
87576	2022-04-07	27.4	13.9	20.5	16	1012.4	1014.8	0	78	1.6	3	9	8.7	1.9	P	3
87576	2022-04-08	24.6	15.4	19.5	16.8	1013.7	1016.1	0	85	1.6	6	7	6.7	2.4	P	3
87576	2022-04-09	26.6	13.5	19.4	16.2	1012.8	1015.2	0	84	7.1	4	11	9.3	2.6	P	3
87576	2022-04-10	27.6	15.2	21.3	17.1	1008.8	1011.2	12	80	3.9	4	11	10.3	2.6	P	3
87576	2022-04-11	22.9	14.4	17.4	15	1005.2	1007.6	0.4	87	4.9	5	23	18.5	4.8	P	3
87576	2022-04-12	21.3	10.1	14.5	8.8	1009.5	1011.9	0	72	7	2	27	10.8	3.1	P	3
87576	2022-04-13	20.4	7	12.1	5.5	1015.4	1017.8	0	68	10.2	0	25	7.7	1.8	P	3
87576	2022-04-14	20.6	6.2	13.5	6.8	1020.5	1022.8	0	67	10.2	0	20	6.7	1.7	P	4
87576	2022-04-15	20.1	7.8	14.2	9.7	1020.1	1022.5	0	76	10	0	9	7.7	2.2	P	4
87576	2022-04-16	22.6	8.4	15.7	11.2	1020.4	1022.8	0	77	8.3	2	5	8.7	1.7	P	4
87576	2022-04-17	22.6	14.8	18.2	13.3	1020.1	1022.5	0	76	0.2	7	9	7.7	1.8	P	3
87576	2022-04-18	23.5	15.3	18.8	14.7	1017.2	1019.6	0	78	7.8	4	9	8.7	3.3	P	3
87576	2022-04-19	25.6	12.5	19.2	14.6	1014.1	1016.5	0	78	8.6	2	7	7.2	2.7	P	3
87576	2022-04-20	26.9	10.9	19.4	14.5	1012.6	1015	0.9	77	7.7	4	36	9.8	3	P	3
87576	2022-04-21	21.6	11.3	15.4	10.3	1010.1	1012.5	1	76	8.6	5	29	7.2	2.3	P	3
87576	2022-04-22	17.4	10	13.9	9.8	1003.9	1006.3	0.2	77	1.8	6	32	10.3	4.1	P	3
87576	2022-04-23	22.1	4.4	13.6	5.6	1004.1	1006.5	0	63	9.4	1	36	13.9	4.1	P	3
87576	2022-04-24	25.6	13	19.6	8.8	1004.7	1007.1	28	53	9.1	2	36	6.7	5.3	P	3
87576	2022-04-25	25.1	17.7	20.6	16.5	1003.3	1005.7	0	80	7.6	4	36	17	4.9	P	3
87576	2022-04-26	24.7	16.2	21.5	18.6	1001.4	1003.7	12	84	1	8	36	14.4	5.4	P	3
87576	2022-04-27	26	12.6	16.5	9	1004.1	1006.5	0	65	9	2	20	35	3.9	P	3
87576	2022-04-28	16.6	8	11.3	2.4	1017.1	1019.6	0	60	9.3	2	23	9.3	2.3	P	3
87576	2022-04-29	14.6	0.6	7.2	0.5	1024.7	1027.2	0	66	9.3	1	27	6.2	1.2	P	3
87576	2022-04-30	15.3	2.5	9.3	4.4	1018.5	1021	0	73	1	5	5	5.1	1	P	3
87576	2022-05-01	18.4	5.9	11.3	5.8	1015.3	1017.7	0	73	9.3	1	20	6.7	2.2	P	3
87576	2022-05-02	16.9	4.7	9.8	5.9	1020.5	1022.9	0	78	4.1	4	14	8.2	2.4	P	3
87576	2022-05-03	17.5	2	9	4.2	1020.8	1023.2	0	74	7.5	0	32	5.1	1.2	P	3
87576	2022-05-04	20.3	1.8	11.2	5	1018.2	1020.7	0	71	7.7	1	32	7.2	1.5	P	3
87576	2022-05-05	22	8.1	15.9	9.7	1017.7	1020	0	69	8.2	2	36	6.2	2.2	P	3
87576	2022-05-06	24.5	11.8	17.9	13.2	1019	1021.4	0	76	8.6	1	34	9.8	2.2	P	3
87576	2022-05-07	24	12.1	18.6	14.1	1019.1	1021.5	0	77	7.6	3	34	10.3	2.3	P	3
87576	2022-05-08	24.1	14.3	17.8	12.2	1016.1	1018.5	0	71	9.4	1	36	9.3	3	P	3
87576	2022-05-09	22.1	6.8	14.9	10.7	1017.2	1019.5	0	79	2	4	11	6.7	1.2	P	3
87576	2022-05-10	20.3	12.5	14.9	12.6	1015.9	1018.3	0	87	2.4	7	23	6.2	2.1	P	3
87576	2022-05-11	18.1	7.5	11.8	7.7	1018.8	1021.2	0	78	4.4	4	18	8.2	2.3	P	3
87576	2022-05-12	17.9	2.2	10.8	5.9	1017.9	1020.4	0	75	7.2	3	7	9.3	2.4	P	3
87576	2022-05-13	19.6	8	14.4	9.4	1015.5	1017.9	0	74	0.7	5	32	7.7	3.1	P	3
87576	2022-05-14	19	10.5	13.7	7	1016.8	1019.2	0	68	8.5	3	20	5.1	2.2	P	3
87576	2022-05-15	15.1	3.5	10.4	2.2	1018.7	1021.1	0	60	8.3	3	25	11.8	3.9	P	3
87576	2022-05-16	15.2	9.5	11.4	6.5	1018.8	1021.2	0	73	2.6	5	23	14.4	5.5	P	3
87576	2022-05-17	14.9	8.1	11.2	7.2	1020.1	1022.5	0	78	0	8	20	15.4	5.5	P	3
87576	2022-05-18	15.6	6.4	9.9	4.5	1022.7	1025.2	0	71	5.7	3	23	8.7	3	P	3
87576	2022-05-19	15.9	-0.1	7	3.3	1019.1	1021.6	0	80	6.5	2	9	7.2	1.2	P	4
87576	2022-05-20	18.6	7.5	13	7.4	1015	1017.5	0	71	8	1	5	9.8	3	P	4
87576	2022-05-21	21.6	10.1	14.3	8.3	1017.1	1019.5	0	69	7.7	2	36	8.2	2.3	P	4
87576	2022-05-22	20.6	2.8	12	6.7	1016.6	1019	0	74	5.3	3	2	8.7	2.2	P	3
87576	2022-05-23	22.1	7.1	15.4	10.9	1013.6	1016.1	0	77	4.5	6	7	7.2	2.1	P	3
87576	2022-05-24	20.1	10.9	15.5	11.2	1012	1014.4	27	77	1.7	7	32	8.7	1.7	P	3
87576	2022-05-25	12.4	6.3	9.7	8.6	1017.7	1020.1	0.5	93	0	6	14	18	3.6	P	3
87576	2022-05-26	14.6	1.4	7.8	3.8	1022.2	1024.7	0	78	7.9	3	9	8.7	2.2	P	3
87576	2022-05-27	15.4	4.3	10	4.9	1016.6	1019	0	74	6.2	3	11	5.7	2.1	P	3
87576	2022-05-28	14.5	5.4	9.1	5.8	1012.6	1015	0	81	2.9	5	7	8.2	1.8	P	3
87576	2022-05-29	11	3	6.9	0.7	1012.8	1015.2	0	68	8.5	3	23	8.7	3.2	P	3
87576	2022-05-30	11.6	-1.7	4.1	-1.9	1017.4	1019.9	0	68	7	1	23	11.3	3	P	3
87576	2022-05-31	11.7	-2.1	3.4	-1.6	1019.9	1022.4	0	74	8.1	1	25	4.6	1.5	P	3
87576	2022-06-01	12.7	-0.9	4.8	-0.5	1020.1	1022.6	0	72	2.8	4	20	5.1	1.3	P	3
87576	2022-06-02	13.4	-2.4	4.3	-1	1022.6	1025	0	73	7.5	0	20	4.6	1.5	P	3
87576	2022-06-03	12.1	-0.9	5.9	1.3	1023.7	1026.2	0	75	4.7	3	23	5.7	2.6	P	3
87576	2022-06-04	16.2	5.8	10.1	6.7	1017.8	1020.2	0	80	2.9	5	7	8.2	3	P	3
87576	2022-06-05	14.9	2.6	8.2	6.8	1014	1016.5	0	92	0	5	18	3.6	0.9	P	3
87576	2022-06-06	16.4	3.2	9.1	6.5	1014.2	1016.7	0	86	4.1	3	9	5.7	1.8	P	3
87576	2022-06-07	16.6	7.8	11.3	8.4	1013.1	1015.4	0	85	1.8	8	5	9.3	2.4	P	3
87576	2022-06-08	13.6	5.9	8.9	6.9	1014.8	1017.3	0	88	2.9	4	5	5.1	1.4	P	3
87576	2022-06-09	15.4	3.9	9.8	8.3	1017.1	1019.6	0	91	1.2	6	25	8.2	2.7	P	3
87576	2022-06-10	10.9	0.1	5.2	-4.9	1024.1	1026.5	0	53	6.1	0	23	12.9	4.4	P	3
87576	2022-06-11	14.9	-2.3	5.5	-3.6	1021.7	1024.2	0	56	5.3	1	29	8.7	2.7	P	3
87576	2022-06-12	19.7	-1.1	7.7	0.6	1021.2	1023.7	0	65	5.9	1	2	4.6	1.2	P	3
87576	2022-06-13	19.6	2.5	10.9	3.9	1019.6	1022	0	66	5.5	3	5	9.8	2.7	P	3
87576	2022-06-14	17.7	9.8	13.3	6.4	1014.7	1017.1	0	65	0	6	5	10.3	3.5	P	3
87576	2022-06-15	19.1	5.1	11.2	8.3	1013.5	1015.9	0	85	0.8	5	5	4.6	1.3	P	3
87576	2022-06-16	17.3	3.9	9.5	7.8	1010.9	1013.4	0	90	0	7	18	5.7	1.3	P	4
87576	2022-06-17	12.5	2.9	6.9	0.9	1010.5	1012.9	0	72	0	4	23	13.9	5	P	4
87576	2022-06-18	16.6	-1	8.1	-3.9	1015.1	1017.6	0	46	0	1	32	12.3	4	P	4
87576	2022-06-19	17.9	7.3	10.9	0.1	1014.5	1016.9	0	50	0	3	34	11.8	4.5	P	3
87576	2022-06-20	14.7	1.9	8.6	3.1	1014.5	1017	0	70	1.3	7	7	7.2	2.1	P	3
87576	2022-06-21	14.7	5.1	9.7	5	1014.3	1016.8	0	74	4.7	6	16	11.3	3.6	P	3
87576	2022-06-22	9.9	-0.3	5	0.4	1019.2	1021.6	0	74	0.5	5	11	10.8	3.2	P	3
87576	2022-06-23	10.6	1.9	6.4	1.8	1019.4	1021.9	0	74	2.3	7	11	6.2	1.5	P	3
87576	2022-06-24	12.4	4.9	8.1	3.9	1022.9	1025.4	0	76	1	6	11	5.7	2.3	P	3
87576	2022-06-25	11.1	-0.6	4.3	0.6	1029.2	1031.7	0	79	2.9	6	20	6.2	1.8	P	3
87576	2022-06-26	10.1	1.4	6.4	2.6	1023.4	1025.8	0	78	0	8	9	8.2	2.6	P	3
87576	2022-06-27	12.1	7.4	9.7	4.3	1015.3	1017.8	0	70	0	8	9	7.7	2.1	P	3
87576	2022-06-28	15.7	7.4	10.4	4.7	1014.7	1017.1	0	70	0	6	27	5.1	2.3	P	3
87576	2022-06-29	19.1	5.8	12.7	3.3	1011.6	1014.1	0	56	5.7	3	36	13.9	4.2	P	3
87576	2022-06-30	17.3	6.1	11.5	3.7	1015.7	1018.1	0	64	7.5	2	27	6.7	2.6	P	3
87576	2022-07-01	12.6	5.9	10.1	6.2	1008.3	1010.7	0.5	78	2.5	4	5	13.9	3.5	P	3
87576	2022-07-02	13.1	4.3	8.2	3.4	1012.6	1015	0	75	7.7	1	25	8.7	2.8	P	3
87576	2022-07-03	15.1	-3.1	5	-1.1	1019.4	1021.9	0	71	7.1	2	9	7.2	1.7	P	3
87576	2022-07-04	12.2	3.9	9.3	7.4	1014.5	1017	0	89	0	7	11	5.7	2.1	P	3
87576	2022-07-05	16.6	8.9	11.6	8.5	1015.6	1018	0	83	7.2	6	9	8.2	3	P	3
87576	2022-07-06	13	9.1	11.4	10.3	1007.2	1009.7	1	93	0	8	5	9.3	3.6	P	3
87576	2022-07-07	13.9	3.9	8.2	-0.3	1014.8	1017.2	0	60	8.4	0	27	9.3	3.3	P	3
87576	2022-07-08	14.3	-1.8	7.5	-1.1	1018.6	1021	0.2	60	2	5	9	13.4	4.6	P	3
87576	2022-07-09	18.6	10.7	14.7	10.6	1006.6	1009	0.1	77	0.2	6	11	9.3	4.4	P	3
87576	2022-07-10	23.1	11.8	17.3	12.9	1002.4	1004.7	0	77	0	6	9	10.3	3.7	P	3
87576	2022-07-11	12.6	7.9	10.2	4.1	1009.9	1012.3	0	67	0	7	18	11.3	3.3	P	3
87576	2022-07-12	11.7	0	6.1	0.5	1017.3	1019.8	0	72	6.3	2	34	8.2	2.4	P	3
87576	2022-07-13	16.1	6.5	10.9	3.9	1014.2	1016.7	0	64	6.8	1	9	10.3	3.7	P	3
87576	2022-07-14	15.1	9.4	11.4	7.5	1007.9	1010.3	0	78	1.7	4	7	9.3	3.7	P	4
87576	2022-07-15	11.1	7.4	10.1	9.3	1006.6	1009	0	95	0	8	20	8.7	3.2	P	4
87576	2022-07-16	11.1	7.9	9.5	4.6	1009.7	1012.2	0	73	0	8	18	13.9	3.7	P	4
87576	2022-07-17	14.6	1.2	7.6	-0.4	1016.1	1018.5	0	61	6.7	1	36	11.8	4.1	P	3
87576	2022-07-18	17.1	5.9	10.3	2.4	1020.1	1022.6	0	61	6.2	3	32	10.3	3.5	P	3
87576	2022-07-19	16.6	-1.5	7.9	0.5	1022.6	1025.1	0	64	6.3	1	5	10.8	2.2	P	3
87576	2022-07-20	20.6	7.9	14.2	7.2	1011.7	1014.1	0	67	7	2	5	8.7	2.8	P	3
87576	2022-07-21	19.6	5.5	12.3	7	1010.9	1013.3	0	74	3	3	11	8.7	3	P	3
87576	2022-07-22	19.1	3.5	10.3	6.9	1012.7	1015.2	0	81	3.4	3	5	6.7	2.8	P	3
87576	2022-07-23	16.6	6.8	13.5	12.9	1011	1013.5	0.5	96	0	8	7	9.8	2.3	P	3
87576	2022-07-24	18.2	14.3	15.3	14	1013.9	1016.3	0.3	93	2	7	14	9.3	3.7	P	3
87576	2022-07-25	16.6	10.9	13.5	13	1015.4	1017.8	6	97	0	7	11	11.8	4	P	3
87576	2022-07-26	22.1	12.5	17.5	15.8	1013.6	1016.1	13	91	2.3	7	14	8.2	3	P	3
87576	2022-07-27	19.1	15.6	17.4	16.4	1009.8	1012.2	2	94	0	8	9	11.3	4.2	P	3
87576	2022-07-28	16.2	9.1	11.8	7.7	1011.4	1013.8	0	78	8.2	5	20	15.4	5.1	P	3
87576	2022-07-29	18.1	1.9	10	2.4	1015.4	1017.9	0	64	8.4	0	36	8.7	2.4	P	3
87576	2022-07-30	21.5	5.6	13.2	4.1	1015	1017.3	0	58	7.2	1	29	5.1	1.9	P	3
87576	2022-07-31	19.6	7.1	12.6	7.7	1015.9	1018.3	0	74	5.5	4	9	8.2	2.2	P	3
87576	2022-08-01	19.4	3.5	11.1	6.5	1015.7	1018.1	0	77	7.4	1	9	7.7	1.9	P	3
87576	2022-08-02	17.1	7.4	12.6	9.8	1014.9	1017.3	0	85	5.2	5	11	9.3	3.9	P	3
87576	2022-08-03	15.7	9.4	12.2	10.2	1013.7	1016.1	0	89	0.6	7	14	7.7	2.4	P	3
87576	2022-08-04	12.1	5.4	8.7	5.2	1013.6	1016.1	0	80	0.9	6	20	7.7	3	P	3
87576	2022-08-05	17.1	1.4	8.5	1.7	1016.9	1019.3	0	67	9.5	0	27	6.7	1.8	P	3
87576	2022-08-06	16.6	1.9	9.4	4.4	1018.7	1021.2	0	74	3.7	4	11	8.7	2.4	P	3
87576	2022-08-07	15.1	6.9	9.6	6.2	1021.9	1024.3	0	81	6.5	5	11	10.3	3.7	P	3
87576	2022-08-08	15.1	3.3	9	4.2	1025.4	1027.9	0	75	5.1	5	9	8.7	3.3	P	3
87576	2022-08-09	13.9	6.4	10.3	7	1029.1	1031.6	0	82	0	7	9	6.2	2.6	P	3
87576	2022-08-10	15.1	2.9	9.5	5.1	1025	1027.5	0	76	5.9	2	5	9.8	2.6	P	3
87576	2022-08-11	18.6	8.4	13.4	5	1019.6	1022	0	59	8.6	0	36	11.3	3.2	P	3
87576	2022-08-12	20.4	8.4	14.8	7.3	1014.6	1017	0	62	6.5	3	36	9.3	3	P	3
87576	2022-08-13	24.3	7.4	16.3	10.7	1014.4	1016.8	0	72	8	3	7	9.3	2.6	P	3
87576	2022-08-14	24.1	12.2	18.5	13.1	1007.2	1009.5	2	73	8.8	1	5	9.8	4.1	P	3
87576	2022-08-15	22.8	5.8	13	6.2	1003.1	1005.5	0	66	3.5	5	23	12.9	4.2	P	3
87576	2022-08-16	20.6	4.5	12.6	-1.9	1006	1008.5	0	39	3.7	5	32	14.9	4.6	P	3
87576	2022-08-17	14.1	5.9	10.5	3.3	1007.1	1009.6	0.5	62	2	6	20	12.9	4	P	3
87576	2022-08-18	13.1	-0.8	6	-1.8	1019.9	1022.3	0	61	9.7	1	23	12.9	3.3	P	4
87576	2022-08-19	18.6	1.1	10	-4.9	1025.8	1028.3	0	40	9.1	0	32	9.3	4.6	P	4
87576	2022-08-20	18.4	6.3	12.3	-3.5	1025.3	1027.8	0	35	4.7	1	34	11.3	3.2	P	4
87576	2022-08-21	18.7	0.8	9.3	1.1	1025.7	1028.2	0	63	2.5	2	23	5.7	0.9	P	3
87576	2022-08-22	15.9	6.4	11.2	7	1023.5	1025.9	0	76	5.7	6	7	9.8	3.7	P	3
87576	2022-08-23	21.1	4.9	14.1	8.6	1017.8	1020.1	0	71	9	2	32	7.7	2.7	P	3
87576	2022-08-24	26	6.9	16.7	9.6	1015.5	1017.9	0	68	8	2	11	7.2	1.8	P	3
87576	2022-08-25	27.3	12.1	18.5	12.5	1014.1	1016.5	0	73	3.8	4	7	6.7	1.9	P	3
87576	2022-08-26	25.2	10.3	18.2	13.2	1010.8	1013.2	0.8	75	6.3	3	7	10.8	3.5	P	3
87576	2022-08-27	21.2	8.2	15.2	6.1	1012.4	1014.8	0	58	5.5	4	20	12.9	3.5	P	3
87576	2022-08-28	13.3	-0.5	6.3	-2.7	1030.9	1033.4	0	56	9.8	0	20	11.8	2.6	P	3
87576	2022-08-29	16.3	0.5	8.9	0.4	1030.6	1033	0	61	10	0	5	13.9	2.3	P	3
87576	2022-08-30	19.3	3.9	13.3	5.2	1023.5	1026	0	62	7	1	36	7.7	3.1	P	3
87576	2022-08-31	22.3	9	15.2	10.3	1014.6	1017	0	75	2.1	4	11	8.2	3	P	3
87576	2022-09-01	17.5	11.7	14.9	13.5	1010.6	1013	0.4	92	0	7	18	10.8	1.5	P	3
87576	2022-09-02	17.7	5.9	10.8	1.3	1021.1	1023.5	0	57	9.4	1	23	11.3	3.2	P	3
87576	2022-09-03	20.1	-0.3	11.7	0.7	1024.9	1027.4	0	52	9.9	0	5	7.2	1.2	P	3
87576	2022-09-04	22.5	9.1	15.4	2.3	1022.9	1025.3	0	44	9.7	0	29	10.8	3.3	P	3
87576	2022-09-05	24	9.2	16.3	1.4	1022.3	1024.7	0	40	10.3	0	5	10.3	2.8	P	3
87576	2022-09-06	22.6	5.3	16.1	8.4	1017	1019.4	0	62	7.3	0	36	9.8	3	P	3
87576	2022-09-07	24.6	13.4	18.4	10.3	1007	1009.4	0	61	4.9	1	34	10.8	3.2	P	3
87576	2022-09-08	26.5	10.8	17.2	10.7	1004.6	1007	2.8	68	0	5	18	15.4	2.8	P	3
87576	2022-09-09	13.2	5.5	9	2.6	1015.6	1018	0	67	0.9	4	23	12.9	4	P	3
87576	2022-09-10	19.1	0.3	9.9	-1.2	1021.1	1023.6	0	53	6.5	0	25	7.7	2.7	P	3
87576	2022-09-11	18.6	4.4	12.9	1.9	1019.3	1021.7	0	50	0	4	34	9.3	2.8	P	3
87576	2022-09-12	20.9	5.1	13.6	4.3	1016.1	1018.5	0	57	3.9	3	7	6.7	2.3	P	3
87576	2022-09-13	21.3	2.7	13	7.1	1017.7	1020.1	0	74	3	1	11	6.2	1.8	P	3
87576	2022-09-14	21.7	4.1	13.6	7.8	1022.5	1024.8	0	73	3.2	2	5	6.7	2.4	P	3
87576	2022-09-15	22.1	11.1	16.4	8	1021.8	1024.2	0	62	5.8	0	5	10.8	3.5	P	4
87576	2022-09-16	23.2	13.7	18.8	9.8	1018.9	1021.3	0	58	0.5	5	7	14.4	6.6	P	4
87576	2022-09-17	25.4	14.9	20	11	1014.7	1017.1	0	57	0	6	7	13.4	6.6	P	4
87576	2022-09-18	22.7	15.7	18.8	12.4	1010.8	1013.1	0	67	0.2	7	5	9.8	5.3	P	3
87576	2022-09-19	22.1	12.7	17.1	11.9	1011.8	1014.2	0	73	1.6	6	27	10.3	3.5	P	3
87576	2022-09-20	18.1	4.9	11.8	5.8	1015.4	1017.8	1	71	0	5	14	7.7	2.6	P	3
87576	2022-09-21	19.1	9.5	13.8	7.4	1015.4	1017.8	0	69	0	6	7	9.8	1.9	P	3
87576	2022-09-22	18.1	9	12.3	6.1	1015.8	1018.2	0.5	70	0.6	4	27	12.9	1.9	P	3
87576	2022-09-23	21	1.4	12.2	4.2	1017.3	1019.7	0	64	4.2	2	32	8.7	1.7	P	3
87576	2022-09-24	22.6	10.4	16.8	5.6	1016.8	1019.2	0	53	4.2	4	5	9.8	3.6	P	3
87576	2022-09-25	22.1	10.4	16.1	7	1015	1017.4	0	60	1	5	9	9.8	3.3	P	3
87576	2022-09-26	25.1	9.9	16.8	8.6	1011.2	1013.7	0	64	3	3	29	7.7	1.3	P	3
87576	2022-09-27	27.1	8.4	17	5	1018.3	1020.7	0	50	4.2	2	14	12.3	2.8	P	3
87576	2022-09-28	19.1	4.7	12.1	4	1027.5	1029.9	0	61	4.8	1	11	12.3	4	P	3
87576	2022-09-29	19.1	6	12.8	1.6	1025.2	1027.6	0	52	0.2	4	5	10.8	4.8	P	3
87576	2022-09-30	20.6	7.8	15	8.2	1020.5	1022.9	0	67	6.6	3	9	8.7	3.5	P	3
87576	2022-10-01	25.1	7.2	16.6	8.6	1019.1	1021.5	0	65	5.5	2	9	8.2	2.1	P	3
87576	2022-10-02	28.1	8.5	18.6	9.4	1020.3	1022.7	0	61	5	1	11	9.8	3	P	3
87576	2022-10-03	19.7	7.1	13.6	6.5	1019.7	1022.1	0	65	6	1	11	8.7	5	P	3
87576	2022-10-04	20.6	11.1	15.3	7.5	1014.6	1017	0	62	6.8	1	9	12.9	6	P	3
87576	2022-10-05	23.3	12.4	17.9	9.2	1012.4	1014.8	0	60	1.2	4	5	10.8	4.6	P	3
87576	2022-10-06	23.5	12.5	16.6	10.7	1007.2	1009.6	0	72	0	5	20	6.7	2.7	P	3
87576	2022-10-07	29.1	7.9	19.5	3	1004.3	1006.6	0	40	6.8	1	32	11.3	3.5	P	3
87576	2022-10-08	23.9	6.3	13.8	3.2	1006.2	1008.5	0	52	0	7	25	17.5	5.7	P	3
87576	2022-10-09	20.8	0.9	11.1	-1.4	1018.2	1020.6	0	50	5.5	1	27	11.3	3.9	P	3
87576	2022-10-10	23	3.9	14.1	1.4	1020.8	1023.2	0	48	6.3	1	9	11.8	2.1	P	3
87576	2022-10-11	23.1	9.8	15.9	6.5	1017.1	1019.5	0	56	2.7	2	7	7.7	3	P	3
87576	2022-10-12	30.1	9.6	19.2	5	1009.3	1011.7	0	46	5.3	1	34	17.5	4.6	P	3
87576	2022-10-13	20.9	9.9	15.7	-2.1	1017.5	1019.9	0	32	10.1	2	25	14.9	4.6	P	4
87576	2022-10-14	17.8	4.9	12.5	0.8	1028.2	1030.6	0	48	7.4	2	11	15.9	5.8	P	4
87576	2022-10-15	15.5	9.4	13.1	8.9	1026	1028.4	1	77	0	6	7	9.3	3.7	P	4
87576	2022-10-16	21.1	7	14.2	9.8	1021.9	1024.3	0	78	5.2	5	9	11.3	4.1	P	3
87576	2022-10-17	21.6	8.8	15.2	9.8	1024	1026.4	0	73	9.6	3	11	14.4	5.4	P	3
87576	2022-10-18	24.1	12.7	18.9	11.6	1021.5	1023.8	0	65	9	4	11	13.4	6.6	P	3
87576	2022-10-19	24.1	16.5	19.5	14.8	1015	1017.4	0.1	75	0.7	8	7	9.8	3.9	P	3
87576	2022-10-20	26.5	15.9	20.6	15.6	1007.7	1010	0	76	0.5	8	9	6.2	1.8	P	3
87576	2022-10-21	27.2	13.1	18.4	13.7	1009.4	1011.8	5	77	2.6	5	14	12.9	3.2	P	3
87576	2022-10-22	15.7	9.6	11.5	8.2	1018.8	1021.2	0	81	0.2	7	23	11.3	4.1	P	3
87576	2022-10-23	20.6	4.9	13.7	7.1	1019.8	1022.2	0	68	8.8	4	7	11.3	3.1	P	3
87576	2022-10-24	25.6	12.2	19.1	11.8	1015.7	1018.1	0	67	10.2	1	9	11.8	4.4	P	3
87576	2022-10-25	28.5	15.4	21.6	13.5	1009.7	1012	2	63	3	5	5	11.8	4.2	P	3
87576	2022-10-26	24.1	16.8	19.4	14.5	1001.6	1003.9	0.2	74	3.5	4	29	12.9	5.1	P	3
87576	2022-10-27	28.4	11.9	20.1	5.6	1005.5	1007.8	0	45	10.2	0	29	11.3	4.4	P	3
87576	2022-10-28	33.5	13.9	24.4	7.9	1003	1005.4	0	36	7.8	3	"\N"	"\N"	4.5	P	3
87576	2022-10-29	31	16.9	23	11.8	999.4	1001.8	0	54	9.3	3	23	15.4	3	P	3
87576	2022-10-30	22.6	10.3	13.8	8.8	1006.4	1008.8	1	73	1.4	6	20	12.9	3.3	P	3
87576	2022-10-31	17.3	5.1	11.8	1.7	1025.5	1028	0	54	6	3	18	9.8	3.6	P	3
87576	2022-11-01	23.6	2.4	14	1.9	1028.3	1030.7	0	53	11.1	0	20	9.8	1.9	P	3
87576	2022-11-02	28.1	10	20.9	2.8	1026.4	1028.8	0	33	10.4	0	9	8.7	3.1	P	3
87576	2022-11-03	29.1	8.1	19.5	8	1025	1027.4	0	50	8.8	1	5	10.8	3.5	P	3
87576	2022-11-04	24.6	14.5	19	10	1022.8	1025.2	0	60	11	0	9	10.8	5	P	3
87576	2022-11-05	25	15.3	19.6	10.8	1021.1	1023.4	0	59	9.7	1	5	13.9	6	P	3
87576	2022-11-06	26.1	15.4	20.6	10.6	1021.7	1024.1	0	55	11.5	0	7	14.4	6.2	P	4
87576	2022-11-07	26.3	16.4	20.8	11.1	1021.6	1024	0	56	8.2	0	11	12.3	6	P	4
87576	2022-11-08	26.8	15.9	21.1	11.1	1018.4	1020.8	0	56	7.2	1	5	13.4	5.8	P	4
87576	2022-11-09	27.6	16.6	21.8	11.6	1013.1	1015.4	0	55	9.2	3	7	11.3	4.2	P	4
87576	2022-11-10	29.1	17.4	22.7	12.9	1011.7	1014	0	55	0.7	5	5	9.3	4.2	P	4
87576	2022-11-11	30.3	14.9	23.3	13.6	1010.1	1012.4	0	59	9.8	3	5	11.8	4.2	P	4
87576	2022-11-12	28.6	19.4	23.7	15.3	1007.4	1009.7	0	61	0	6	29	9.8	3.3	P	4
87576	2022-11-13	27.6	17.1	22	17.3	1003	1005.4	15	76	0	6	9	11.3	3.2	P	4
87576	2022-11-14	23.6	15.4	18.5	13	1001.5	1003.9	0	73	2.6	6	25	10.8	4.2	P	4
87576	2022-11-15	32.2	11.8	22.7	9	1008.7	1011	0	47	10.9	1	25	11.8	3.5	P	4
87576	2022-11-16	36.6	14.2	27.2	11.2	1012.7	1015.1	0	41	11.8	1	2	7.7	2.3	P	4
87576	2022-11-17	32.1	20.5	25.6	13.1	1015	1017.3	0	48	4.1	3	7	14.9	5.1	P	4
87576	2022-11-18	32.4	19.6	26.1	14.7	1011.5	1013.8	0	51	5.7	5	5	10.8	4.5	P	4
87576	2022-11-19	33.6	24.1	28.3	15.5	1006.1	1008.4	0	47	0.6	6	5	13.4	4.5	P	4
87576	2022-11-20	28.3	18.8	23.3	16.5	1007.2	1009.5	0	67	0	6	18	14.4	2.7	P	4
87576	2022-11-21	19.6	13.9	16.4	13.9	1011.9	1014.3	0	85	0.1	8	20	9.8	3.9	P	4
87576	2022-11-22	23.2	11.9	17.6	7.8	1012.3	1014.6	0	57	11.8	3	23	9.3	2.7	P	4
87576	2022-11-23	32.1	10.8	23.3	5.9	1008.2	1010.6	0	37	10.6	1	36	13.4	4.6	P	4
87576	2022-11-24	38.6	18.9	27.4	11.3	1009.6	1012	0	39	10.4	1	18	10.8	3.1	P	4
87576	2022-11-25	29.6	13.9	21.9	14.7	1017	1019.4	0	66	9	1	9	12.9	4.9	P	4
87576	2022-11-26	35.6	18.9	25.9	15.7	1015.9	1018.2	0	59	8.3	3	5	9.8	4.8	P	4
87576	2022-11-27	33.3	21.7	27.1	15.6	1015.8	1018	0	55	6	3	5	11.8	3.9	P	4
87576	2022-11-28	33.1	22.2	27.4	17.2	1010.5	1012.8	0	56	8	1	5	10.3	5.3	P	4
87576	2022-11-29	34.2	23.4	28.2	16.3	1004.6	1006.9	0	50	5.1	3	7	11.3	5.3	P	4
87576	2022-11-30	32.6	18.9	24.3	18.2	1003.9	1006.2	42	70	5.6	6	32	18.5	4.9	P	4
87576	2022-12-01	24.1	17	20	16	1007.9	1010.3	0	79	2.9	7	18	12.3	4.4	P	4
87576	2022-12-02	28.1	12.4	20.2	11.5	1011.3	1013.7	0	62	10.4	2	9	7.2	3	P	4
87576	2022-12-03	29.1	13.9	22.1	12.7	1009.5	1011.8	0	59	8.8	2	20	9.8	2.4	P	4
87576	2022-12-04	34.5	13.9	24.4	14.2	1007.4	1009.8	0	58	9	1	6	7.7	2.4	P	4
87576	2022-12-05	36.1	21.5	28.8	15.7	1008.7	1011.1	0	49	11.3	0	5	10.3	3.9	P	4
87576	2022-12-06	36.8	23.4	30.1	17	1009.2	1011.5	0	46	11.2	0	13	11.8	4.1	P	4
87576	2022-12-07	33.6	25.3	29.4	16.8	1006.7	1009.1	4	47	1	4	9	9.8	2.6	P	4
87576	2022-12-08	35.7	20.1	27.4	16.8	1004	1006.3	0	59	8.3	4	23	17	2.6	P	4
87576	2022-12-09	38.1	19.9	28	17.9	1003.7	1006	9	60	8.8	3	11	15.9	3.6	P	4
87576	2022-12-10	31.6	18.4	25.3	14.5	1008.9	1011.2	0	55	9.2	2	11	11.8	4.5	P	4
87576	2022-12-11	38.1	21.1	28.3	17.5	1003.8	1006.1	0	55	7.3	3	32	15.4	4.9	P	4
87576	2022-12-12	29.1	13.4	20.8	8.8	1005.7	1008	0	50	7.6	3	18	13.4	3	P	4
87576	2022-12-13	29.1	11.5	22.9	9.8	1009.4	1011.8	0	49	9.1	1	36	9.8	2.4	P	4
87576	2022-12-14	34.1	19.7	27.6	11.8	1006	1008.3	5	40	9.8	2	36	10.3	3.7	P	4
87576	2022-12-15	29.9	18.3	22.5	11.7	1012.4	1014.8	0	55	8	3	20	14.9	4.4	P	4
87576	2022-12-16	25.2	11.9	19.3	10.5	1015.4	1017.8	0	59	8.8	2	3	13.9	4.6	P	4
87576	2022-12-17	26.1	11.4	19.9	8.8	1012.3	1014.7	0	55	8.5	1	11	11.3	5	P	4
87576	2022-12-18	29	18.9	23.4	12.5	1013.1	1015.4	0	52	8.4	2	5	13.9	6.3	P	4
87576	2022-12-19	30.6	19	25	14.1	1013.7	1015.9	0	53	8.3	1	11	11.3	5.7	P	4
87576	2022-12-20	32.1	21.1	25.8	14.7	1013.5	1015.8	0	53	8.8	2	9	11.8	6	P	4
87576	2022-12-21	31.6	20.4	25.3	13.9	1012.9	1015.3	0	51	9.2	2	11	8.2	5.7	P	4
87576	2022-12-22	32.6	21.8	26.6	15.8	1009.5	1011.8	0.5	53	3.2	5	5	12.3	5.8	P	4
87576	2022-12-23	28.4	20.9	23.2	18.9	1007.9	1010.3	11	77	3.4	7	5	8.7	2.7	P	4
87576	2022-12-24	25.1	16	18.5	14.7	1012.3	1014.6	0	80	2.8	6	20	10.3	4	P	4
87576	2022-12-25	24.6	8.8	17.5	7.9	1016.2	1018.5	0	57	8	1	18	10.3	2.3	P	4
87576	2022-12-26	29.1	11.8	22.4	10.5	1012.5	1014.9	0	51	9	0	25	5.7	2.2	P	4
87576	2022-12-27	32.1	17.1	26.2	11.8	1008.7	1011	0	45	5.6	2	35	12.3	2.3	P	4
87576	2022-12-28	30.4	18.9	24.6	12.5	1007.7	1010	0	49	9	3	20	13.9	4.1	P	4
87576	2022-12-29	30.6	12.4	23.3	9.5	1011.3	1013.6	0	46	9.5	1	27	9.3	2.4	P	4
87576	2022-12-30	38.1	20.9	29.7	10.1	1006.2	1008.5	0	32	8	1	32	11.3	4.5	P	4
87576	2022-12-31	33.6	17.5	25.3	10.7	1010	1012.3	0	41	7.9	2	9	11.3	5.1	P	4
87576	2023-01-01	24.7	18.9	21.9	17.4	1007.6	1009.9	11	78	0	7	11	11.3	3.9	P	4
87576	2023-01-02	30.1	16.4	22.7	11.4	1005.4	1007.7	0	56	8.1	3	23	11.8	4.6	P	4
87576	2023-01-03	32.7	18.4	25.9	10.4	1005.5	1007.8	0	41	7.2	3	27	17	4.9	P	4
87576	2023-01-04	32.1	12.4	23.5	10.8	1011.2	1013.5	0	50	9	0	5	10.8	3	P	4
87576	2023-01-05	34.3	18.8	26.3	10.1	1012.9	1015.1	0	41	9.4	1	7	11.8	4.1	P	4
87576	2023-01-06	34.8	22.1	28.2	14.1	1014.5	1016.8	0	46	8.5	2	11	12.9	5.5	P	4
87576	2023-01-07	34	22.4	27.1	14	1017	1019.3	0	46	8.8	1	7	12.9	6.3	P	4
87576	2023-01-08	33.1	22.3	26.7	16.3	1016.1	1018.4	0	55	8.7	1	7	10.8	5.7	P	4
87576	2023-01-09	33.3	20.4	26.5	16.5	1011.8	1014.1	0	57	8	1	5	10.3	6.4	P	4
87576	2023-01-10	35.1	21.1	27.3	16	1008.4	1010.7	0	54	7.6	2	7	10.3	4.5	P	4
87576	2023-01-11	27.1	19.1	22.1	19	1008.1	1010.4	0	83	0.7	5	23	6.7	2.8	P	4
87576	2023-01-12	29.8	15.8	22.5	15.5	1007.6	1009.9	0	71	2.8	5	17	9.3	3.3	P	4
87576	2023-01-13	31.1	15.5	23.7	7.9	1007.4	1009.7	0	43	8.2	1	27	12.3	3.1	P	4
87576	2023-01-14	34.1	13.8	25.4	5.7	1007.1	1009.4	0	34	11.2	0	23	12.3	2.6	P	4
87576	2023-01-15	36.1	15.1	28.4	10	1010.2	1012.5	0	36	10.8	1	30	10.3	3.1	P	4
87576	2023-01-16	37.7	24.3	30.1	13.6	1010.1	1012.4	0	40	7.3	2	2	9.3	4.1	P	4
87576	2023-01-17	37.5	25.8	30	13.6	1012.4	1014.7	0	39	10.2	1	9	12.9	6.3	P	4
87576	2023-01-18	31.5	22.4	26.1	17.4	1015.6	1017.9	0.1	59	0.4	7	9	11.8	6	P	4
87576	2023-01-19	34.6	22.7	28.2	18.6	1012.6	1014.9	0	57	11.5	3	7	12.3	5.5	P	4
87576	2023-01-20	32.9	20.3	26.7	20.1	1005.9	1008.3	14	70	0.5	6	23	15.4	5.7	P	4
87576	2023-01-21	32.2	20.1	25.4	19.2	1002	1004.3	0	72	6.5	6	33	8.2	3.2	P	4
87576	2023-01-22	35.4	18.3	26.1	15.7	1004.1	1006.5	0	57	8.1	3	27	11.3	2.6	P	4
87576	2023-01-23	33.1	18	26.2	14.5	1008.1	1010.4	0	54	9.9	1	16	6.7	2.7	P	4
87576	2023-01-24	34.6	22.1	27.7	14.3	1005.5	1007.9	0	47	1.7	4	5	8.7	3.6	P	4
87576	2023-01-25	34.8	18.3	25.9	18.6	1007.3	1009.6	0	67	5.3	4	9	8.7	3.3	P	4
87576	2023-01-26	32.6	23	27.9	18.4	1005.7	1008	15	58	6.8	3	2	13.4	4.4	P	4
87576	2023-01-27	31.1	19.3	22.7	20.2	1007.8	1010.2	5	86	0	6	23	17	3.7	P	4
87576	2023-01-28	33.1	18.4	25	20.4	1011.9	1014.2	0	79	6.3	3	5	8.7	3.1	P	4
87576	2023-01-29	32.7	19.8	25.3	17.9	1013.6	1015.9	0	68	9.8	2	11	11.8	4.2	P	4
87576	2023-01-30	31.1	16.3	24.5	16.8	1008.7	1011	0	65	9.6	2	23	9.3	4	P	4
87576	2023-01-31	33.1	18.9	26.1	19.2	1007.9	1010.2	0	69	9.3	3	7	10.3	2.6	P	4
87576	2023-02-01	29.4	19.3	24.4	19.4	1011.2	1013.5	0	75	0	6	11	9.3	3.9	P	4
87576	2023-02-02	28.1	20.4	23.1	18.2	1012.2	1014.5	0	75	1.2	7	14	10.8	3.9	P	4
87576	2023-02-03	30.7	18.6	23.9	15.8	1013.4	1015.7	0.4	64	5.7	2	14	12.9	4.2	P	4
87576	2023-02-04	29.6	14.1	22.3	13.4	1014.1	1016.4	0	61	11.3	1	18	13.4	3.5	P	4
87576	2023-02-05	32.5	15.1	24.6	14.8	1009.9	1012.2	0	58	10.8	1	32	8.7	2.2	P	4
87576	2023-02-06	35.4	19.3	28.7	12.2	1007.9	1010.3	0	38	9.6	2	36	10.8	2.7	P	4
87576	2023-02-07	36.6	23.2	29	19.1	1007.9	1010.2	0	58	9.5	2	36	9.3	3.6	P	4
87576	2023-02-08	31.8	22.7	26.8	19.4	1006.5	1008.9	1	66	0.4	5	16	14.9	3.6	P	4
87576	2023-02-09	36.6	18.8	27.3	18.6	1008	1010.3	0	65	9.8	2	36	8.7	1.9	P	4
87576	2023-02-10	38.1	24.1	33	15.5	1007.4	1009.7	0	36	9.9	1	34	12.3	2.7	P	3
87576	2023-02-11	38.6	23.7	32.5	16.5	1006.5	1008.7	0	40	10.8	1	36	15.4	3.7	P	4
87576	2023-02-12	39.6	27.8	33.9	20	1002.3	1004.5	0	47	8.5	5	36	16.5	4.5	P	4
87576	2023-02-13	36	21.6	26.7	18.5	1001.7	1004	4.8	65	2.1	5	2	10.3	2.7	P	4
87576	2023-02-14	33.6	19.3	26.2	14.3	1003.7	1006	0	55	9.1	1	23	9.8	3.1	P	4
87576	2023-02-15	33.2	15.4	24.9	13.3	1004.3	1006.6	0	52	10.9	2	27	9.8	3.1	P	4
87576	2023-02-16	27.6	12.2	18.9	12.8	1000.2	1002.6	2	69	0	7	18	15.4	3.5	P	4
87576	2023-02-17	16.1	6.2	10.9	5.7	1009.9	1012.4	0.2	71	1.5	4	22	14.4	5.1	P	4
87576	2023-02-18	22.6	4.8	14.4	3.6	1017.7	1020.1	0	55	11.4	1	28	10.8	3.5	P	4
87576	2023-02-19	26.6	13.2	20.4	4.4	1017.9	1020.2	0	36	11.1	0	1	11.8	4	P	4
87576	2023-02-20	29.6	12.3	21.5	8.5	1015.1	1017.5	0	50	11.2	1	5	10.8	3.6	P	4
87576	2023-02-21	31.1	18.9	24.1	14.2	1012.9	1015.2	0	59	10.8	1	10	11.8	4.8	P	4
87576	2023-02-22	33.1	20.2	26.6	16.1	1012.1	1014.4	0	56	10.5	1	4	11.8	4.6	P	4
87576	2023-02-23	32.1	18.6	26.1	16.1	1011	1013.3	0	56	1	4	2	9.3	1.5	P	4
87576	2023-02-24	32	16.8	25.1	16.9	1008.7	1011	2	63	5.5	4	13	11.3	2.4	P	4
87576	2023-02-25	34.7	16.1	25	15.9	1002.9	1005.2	0	61	6.7	4	27	13.4	2.8	P	4
87576	2023-02-26	29.1	12.8	21.3	11.2	1011	1013.3	0	57	10.1	2	18	10.3	2.8	P	4
87576	2023-02-27	32.1	16.8	24.3	11.5	1014.8	1017.1	0	48	10.8	0	"\N"	"\N"	3.9	P	4
87576	2023-02-28	37.6	21.1	29	16.2	1010.8	1013.1	0	51	9.2	3	32	14.9	3.5	P	4
87576	2023-03-01	38.1	25	31.8	15.5	1006.6	1008.9	0	39	5.3	3	34	12.3	5	P	4
87576	2023-03-02	39.1	23.3	31.8	16.1	1004.9	1007.2	0	41	9.1	1	30	10.3	3.7	P	4
87576	2023-03-03	36.7	24.3	30.7	17.6	1004.1	1006.4	0	47	8.8	1	23	13.9	3.3	P	4
87576	2023-03-04	34.9	23.3	28.3	19.5	1007.1	1009.4	0	59	7.9	1	11	15.9	5.8	P	4
87576	2023-03-05	33.6	21.8	27.7	19.7	1009.4	1011.7	0	64	2.5	1	7	11.8	4.6	P	4
87576	2023-03-06	35.2	25	29.4	17.1	1007.9	1010.2	0	49	2.7	2	5	10.8	5.4	P	4
87576	2023-03-07	34.3	22.3	28.2	18.1	1005.9	1008.2	0	56	0	5	36	10.8	4.2	P	4
87576	2023-03-08	34.6	19.3	26.4	20.8	1006.4	1008.7	0	74	2.1	4	7	9.3	3.5	P	4
87576	2023-03-09	34.1	20.1	27	18.1	1009.9	1012.2	0	63	1	2	7	11.3	4.5	P	4
87576	2023-03-10	39.4	24.8	30.5	20.1	1008.3	1010.6	0	57	1.2	3	34	10.8	3.6	P	4
87576	2023-03-11	39.6	22.3	31.5	19.1	1008.8	1011.1	0	52	5.4	2	2	8.2	2.6	P	4
87576	2023-03-12	37.6	28.8	32	17.4	1010.1	1012.4	0	45	2	2	2	11.3	4.8	P	4
87576	2023-03-13	35.7	26.3	30.9	19.9	1010.2	1012.5	0	52	1	2	36	11.3	5.8	P	4
87576	2023-03-14	37.1	26.8	31.6	20.5	1008.3	1010.6	5	53	0.4	3	2	13.9	4.6	P	4
87576	2023-03-15	31.5	23.7	26.9	22.1	1008.9	1011.3	0.2	76	0	7	29	8.7	2.8	P	4
87576	2023-03-16	33.6	21.4	26	20.9	1010	1012.3	0	77	3	4	16	9.8	2.8	P	4
87576	2023-03-17	35.4	20.8	27.3	20	1010.7	1013	0	70	4.5	2	7	11.3	2.8	P	4
87576	2023-03-18	31.1	21.1	25.3	20.4	1012.7	1015	0	76	2.3	2	7	11.8	5	P	4
87576	2023-03-19	33.1	20.8	27.6	20.7	1008.5	1010.9	18	68	1.1	5	2	11.8	3.9	P	4
87576	2023-03-20	26.6	17.3	21.4	16.2	1012.2	1014.6	0	75	0.4	6	9	8.7	3.6	P	3
